girl_id,name_official_eng,name_romanization_eng,name,image_name,age,authority,birthday_date,birthday,blood,bust,class_name,club,club_eng,cv,cv_eng,description,description_eng,favorite_food,favorite_food_eng,favorite_subject,favorite_subject_eng,girl_type,hated_food,hated_food_eng,height,hip,hobby,hobby_eng,horoscope,horoscope_eng,name_hiragana,nickname,nickname_eng,school,school_eng,tweet_name,waist,weight,year,created_at
1,Kanae Hino,Kanae Hino,日野奏恵,73813af3618e0a78971564ff6146e9a5,18,Students,2015-10-25,1982-10-25,A,82,3B,吹奏楽部,Brass Band,,,吹奏楽部所属でトランペットを担当。<br>ジャズが好きで、<br>いつかプロになってジャズ生誕の地ニューオリンズでトランペットを吹くことが夢。<br>真面目な性格で河原で練習することもしばしば。,,ちくわ,Fish Sausage,音楽,Music,SWEET,いくら,None,163,80,ジャズ鑑賞,Listening To Jazz,さそり座,Scorpio,ひの かなえ,日野先輩,,聖櫻学園,Seiou Academy,kana_melody,56,45,3,2016-10-30 23:41:30
2,Ikuho Isezaki,Ikuho Isezaki,伊勢崎郁歩,fba7fd1bd5562e1d11c10e492aa52a12,17,Students,2015-05-27,1983-05-27,B,75,2C,かるた部,Karuta Club,宝木久美,Kumi Takaragi,競技かるたに情熱を傾ける2年生。<br>真面目かつ前向きな熱血少女で、<br>話題のほとんどがかるたに関すること。<br>かるたクイーンを目指して鍛錬の日々を送っており、毎朝の特訓を欠かさない。,,せんべい,Crackers,古典,Classic Literature,SWEET,カリフラワー,Cauliflower,157,80,百人一首、昼寝,Playing Karuta and Napping,ふたご座,Gemini,いせざき いくほ,伊勢崎,,聖櫻学園,Seiou Academy,isezakiiroha,55,48,2,2016-10-30 23:41:30
3,Tamaki Hayashida,Tamaki Hayashida,林田たまき,7853ad71d7ca2f83b3576e3ca9b0bde4,18,Students,2015-10-10,1982-10-10,O,78,3C,応援団,Cheerleader,北原沙弥香,Sayaka Kitahara,"頑張っている人の力になりたくて応援団に入った。<br>
姉御肌で、主人公に対しても自分のことを「お姉ちゃん」と言っている。<br>
1年生の林田希羅は妹。見た目がギャル系の妹とはタイプが逆だが、仲は非常に良い。",,ポテトサラダ,Potato Salad,家庭科,Home Economics,SWEET,グミ,Gummi Candy,160,75,スポーツ観戦,Watching Sports,てんびん座,Libra,はやしだ たまき,林田先輩,,聖櫻学園,Seiou Academy,anehayashi,58,49,3,2016-10-30 23:41:30
4,Izumi Shimada,Izumi Shimada,島田泉,1423389b151ac2991751f82cf17f8824,15,Students,2015-12-03,1985-12-03,A,77,1B,手品研究会,Magic Study Group,,,いつも明るく元気な1年生。<br>得意の手品で人を驚かせることが好きで、<br>普段から研究と鍛錬に余念がない。<br>仲良くなると「切断手品の実験台になって欲しい」などと少し怖いお願いをされることも。,,マシュマロ,Marshmallow,美術,Art,SWEET,ゼリー,Jelly,154,78,トランプ,Trump,いて座,Sagittarius,しまだ いずみ,島田,,聖櫻学園,Seiou Academy,magic_island,53,43,1,2016-10-30 23:41:30
5,Chiyori Nabeshima,Chiyori Nabeshima,鍋島ちより,b74cd5d64c1d002bc2fceda915a389b8,17,Students,2015-01-21,1983-01-21,O,81,3A,料理部,Cooking Club,塙愛美,Manami Hanawa,"制服よりもかっぽう着が似合う（？）。<br>
お姉さんというよりお母さんタイプの料理部の3年生。<br>
料理だけでなく家事全般が得意。<br>
落ち着いて所帯じみているせいか、<br>
女子高生に見られないのが本人の悩み。",,肉じゃが,Meat and Potatoes,家庭科,Home Economics,SWEET,なし,None,159,83,お米砥ぎ,Cooking Rice in as Many Ways as Possible,みずがめ座,Aquarius,なべしま ちより,鍋島先輩,,聖櫻学園,Seiou Academy,chiyopan,62,46,3,2016-10-30 23:41:30
6,Megumi Ogura,Megumi Ogura,小倉愛,c031d7481e7e8b8345fe48e0c6de5b09,16,Students,2015-09-23,1984-09-23,A,78,1B,テニス部,Tennis Club,タカオユキ,Yuki Takao,妹オーラを振りまくテニス部所属の1年生。<br>明るい性格で、<br>可愛いものや甘いものが好き。<br>細身で小柄なせいか小学生と間違われることもあり、もう少し身長が欲しいと思っている。,,ワッフル,Waffles,体育,Physical Education,SWEET,なまこ,Sea Cucumbers,156,80,テニス、,Playing Tennis,おとめ座,Libra,おぐら めぐみ,小倉,,聖櫻学園,Seiou Academy,meguchi,58,46,1,2016-10-30 23:41:30
7,Tatsuru Iwamoto,Tatsuru Iwamoto,岩本樹,db908c2f6761ea0a5df5f30b9a0819b2,16,Students,2015-02-11,1984-02-11,AB,73,2A,歴史研究会,History Study Group,世戸さおり,Saori Seto,歴史研究会に所属する2年生。<br>軍事オタクで普段から軍人のような口調で話し、生真面目で厳しい。<br>一人称は「自分」。<br>同じ歴史研究会に所属する前田彩賀と趣味はまるで違うものの、仲は良いようだ。,,レーション,Rations,近代史,Modern History,COOL,カボチャ,Pumpkin,164,76,プラモデル,Constructing Plastic Models,みずがめ座,Aquarius,いわもと たつる,岩本,,聖櫻学園,Seiou Academy,sergeant_rock,57,49,2,2016-10-30 23:41:30
8,Saika Maeda,Saika Maeda,前田彩賀,877c711acd65927fe68357d422117e4d,16,Students,2015-01-15,1984-01-15,B,76,2A,歴史研究会,History Study Group,石黒千尋,Chihiro Ishiguro,"歴史研究部に所属する、いわゆる歴女。<br>
普段から古めかしい言葉づかいを好み、<br>
自ら”もののふ”と自称する。<br>
幕末よりも戦国時代が好きで、<br>
なんでも戦国武将の故事に例える癖がある。",,みかん,Mikan,日本史,Japanese History,COOL,カステーラ,Castella,159,78,全国顔出し看板撮影制覇,Taking Pictures of Signboards Across The Nation,やぎ座,Capricorn,まえだ さいか,前田,,聖櫻学園,Seiou Academy,kagahan,58,49,2,2016-10-30 23:41:30
9,Mitsuko Kaito,Mitsuko Kaito,皆藤蜜子,24d1e95b66e45e2b92f533ef1adb8dcf,18,Students,2015-09-01,1982-09-01,AB,100,3C,書道部,Calligraphy Club,たかはし智秋,Chiaki Takahashi,校内最大のバストの持ち主で、<br>過剰な色気を振りまく書道部員。<br>会話に四字熟語を良く使う一方で、周囲をドキッとさせる含みを持たせた言動も多い。<br>後輩の白瀬つづりと仲が良く、しばしば行動を共にしている。,,バナナ,Bananas,古典,Classic Literature,COOL,なし,None,168,85,書道、サウナ,Practicing Calligraphy and Relaxing in Saunas,おとめ座,Virgo,かいとう みつこ,皆藤先輩,,聖櫻学園,Seiou Academy,kaimitsu,58,53,3,2016-10-30 23:41:30
10,Misuzu Toyama,Misuzu Toyama,遠山未涼,d0cc263aa9c65622e448f8efbbe1b18b,17,Students,2015-07-23,1983-07-23,A,70,2C,数学研究会,Mathematics Study Group,前田玲奈,Rena Maeda,"頭脳明晰で、常に学年トップクラスの成績をキープする優等生。<br>
勉強ひとすじのせいか生真面目で融通が利かず、性格がきつい。<br>
小学校2年生の頃から眼鏡をかけているが、最近はコンタクトに興味があるらしい。",,マグロ,Tuna,数学,Mathematics,COOL,シュークリーム,Cream Puff,160,70,暗記,Memorizing Things,しし座,Leo,とおやま みすず,遠山,,聖櫻学園,Seiou Academy,t_misuzu,56,45,2,2016-10-30 23:41:30
11,Rito Iseya,Rito Iseya,伊勢谷里都,23ecce1ca59245dc77aaa2f049b113fe,18,Students,2015-11-25,1982-11-25,A,76,3C,フェンシング部,Fencing Club,,,女性ながら騎士道精神にこだわり、<br>正々堂々をモットーとするフェンシング部の3年生。<br>丁寧で礼儀正しい口調で話す。<br>クールで凛々しい彼女だが、「自分のナイトが欲しい」と語ることも。,,スコーン,Scones,体育,Physical Education,COOL,オートミール,Oatmeal,165,78,読書,Reading,いて座,Sagittarius,いせや りと,伊勢谷先輩,,聖櫻学園,Seiou Academy,rito_chivalry,60,53,3,2016-10-30 23:41:30
12,Fuka Mizuno,Fuka Mizuno,水野楓夏,b11ef77961f45a68aac0b3851a6621a9,-1,Teachers,2015-07-26,1970-07-26,B,83,Teacher,購買部,Sales Department,,,学園の購買部に勤めるお姉さん。<br>さっぱりした性格で、<br>みんなの相談役であり、<br>友達のような存在でもある。<br>購買部で売っている食べ物や飲み物、文房具は自信を持って力強くオススメしてくる。,,コーンパン,Bread,家庭科,Home Economics,COOL,浅漬け,Anything Pickled,163,82,ハンカチ収集,Collecting Handkerchiefs,しし座,Leo,みずの ふうか,水野先生,,聖櫻学園,Seiou Academy,mizuno_store,62,47,-1,2016-10-30 23:41:30
13,Chie Kishida,Chie Kishida,岸田稚慧,d7f450e6e56a05a49f04bc3682fa2ee2,17,Students,2015-08-22,1983-08-22,B,71,2B,帰宅部,Going Home Club,辻坂茜,Akane Tsujisaka,"自称イタズラ部所属で、<br>
嘘や仕掛けで人を驚かせるのが大好き。<br>
決して悪意はないが、どんなときでもイタズラのことを考えており、<br>
あの手この手でひたすらイタズラを繰り返す困った人。",,水あめ,Syrup,美術,Art,POP,ピーマン,Green Peppers,154,73,ドッキリ,Getting Candid Reactions From People,しし座,Leo,きしだ ちえ,岸田,,聖櫻学園,Seiou Academy,trick_k,62,44,2,2016-10-30 23:41:30
14,Yuka Koizumi,Yuka Koizumi,小泉由佳,6512e54e67e6f0abf029c89dfaf96064,16,Students,2015-08-06,1984-08-06,A,80,1C,ダンス部,Dance Club,豊田萌絵,Moe Toyota,口調も行動も今風のギャル。<br>元気で明るく、いつもテンションが高い。どこまでも軽くて派手好き。<br>ダンス部に所属してはいるが、<br>一生懸命に打ち込んでいる様子はなく、<br>放課後はもっぱら遊ぶのに忙しい。,,風船ガム,Bubblegum,美術,Art,POP,納豆,Natto,163,82,メイク、携帯電話,Putting On Makeup and Using Her Mobile Phone,しし座,Leo,こいずみ ゆか,小泉,,聖櫻学園,Seiou Academy,yukarinn,55,45,1,2016-10-30 23:41:30
15,Yui Ogawa,Yui Ogawa,緒川唯,525f357b2e279c22edccbd643014905c,18,Students,2015-08-19,1982-08-19,O,92,3A,ダンス部,Dance Club,,,派手めなルックスのダンス部の3年生。<br>いつもノリが良く、テンションが高い。<br>リズム感に自信を持っており、<br>激しい踊りを得意とする。<br>かなりダイナマイトなボディの持ち主で、よくダンス中はすごいことに。,,ハンバーグ,Hamburger,音楽,Music,POP,セロリ,Celery,164,85,ネイルアート、ストリートパフォーマンス,Nail Art and Doing Street Performances,しし座,Leo,おがわ ゆい,緒川先輩,,聖櫻学園,Seiou Academy,dancedancedance,60,48,3,2016-10-30 23:41:30
16,Kurumi Eto,Kurumi Eto,江藤くるみ,d9aeed3dfa5a720aa639aae44d2e8d22,15,Students,2015-02-20,1985-02-20,O,78,1B,軽音部,Light Music Club,洲崎綾,Aya Suzaki,軽音部のガールズバンド「にゅーろん★くりぃむそふと」でギターを担当する1年生。<br>華麗な速弾きテクニックが自慢。<br>明るく前向きで、ちょっとした失敗は気にしない。部活の先輩でベースの黒川凪子と仲が良い。,,アイスクリーム,Ice Cream,音楽,Music,POP,唐辛子,Red Peppers,155,80,音楽鑑賞,Music Appreciation,うお座,Pisces,えとう くるみ,江藤,,聖櫻学園,Seiou Academy,curumilacle,60,48,1,2016-10-30 23:41:30
17,Azusa Higashino,Azusa Higashino,東野梓,51e093b925f56cca1b69f3d317059e44,17,Students,2015-09-12,1983-09-12,A,76,2B,卓球部,Ping Pong Club,,,卓球部の2年生。いつも強気で勝気。<br>卓球に関しては非常に負けず嫌いで、<br>体育の授業でも全力で打ち込む。<br>実力は確かで、男子にも負けたことがない。オリンピックで金メダルを取ることを目標としている。,,ブルーベリー,Blueberries,体育,Physical Education,POP,ゴーヤ,Bitter Gourds,158,77,ランニング,Running,おとめ座,Virgo,ひがしの あずさ,東野,,聖櫻学園,Seiou Academy,azusa_east,63,50,2,2016-10-30 23:41:30
18,Eiko Hayami,Eiko Hayami,早見英子,ee82505c2e653c811dc644529d1da694,17,Students,2015-10-23,1983-10-23,B,70,2C,サッカー部,Soccer Club,加隈亜衣,Ai Kakuma,サッカー部の2年生ポジションはミッドフィルダー。<br>ひたすら快活でおおらかな性格。<br>いつかは女子サッカー日本代表に入りたいと思っている。いまはサッカーに夢中で、恋愛には目が向いていない。,,がんもどき,Ganmodoki,体育,Physical Education,POP,トマト,Tomatoes,165,73,サッカー観戦、,Playing Soccer,てんびん座,Scorpio,はやみ えいこ,早見,,聖櫻学園,Seiou Academy,eiko_soccer,61,53,2,2016-10-30 23:41:30
19,Yuzuki Kiriyama,Yuzuki Kiriyama,桐山優月,627d7d5e88d0cb7f8375f77b3960d904,17,Students,2015-05-05,1983-05-05,AB,78,2C,映画研究会,Movie Study Group,門脇舞以,Mai Kadowaki,おっとりした癒し系に見えるが、<br>話題が大好きなSF映画のことになる途端に饒舌になる。<br>恥ずかしがり屋ですぐ顔を赤らめる。<br>ルックスが良く男子にはモテるが、<br>趣味が合う人でなければ付き合わない主義。,,ポップコーン,Popcorn,化学,Chemistry,POP,いんげん,Green Beans,155,80,DVD鑑賞、映画館めぐり,Watching DVDs and Touring Cinemas,おうし座,Taurus,きりやま ゆづき,桐山,,聖櫻学園,Seiou Academy,moon_walker,55,46,2,2016-10-30 23:41:30
20,Makoto Hiragi,Makoto Hiragi,柊真琴,d5e55c408e3c0a71b445844c017f778f,16,Students,2015-11-22,1984-11-22,A,85,1A,帰宅部,Going Home Club,荒川美穂,Miho Arakawa,甘えん坊で人懐こい1年生。身長が低く、ややぽっちゃり体型。<br>自ら「ドジでノロマ」と言うようにおっちょこちょいなところがあるが、一途で何事にも一生懸命に取り組む努力家である。<br>お菓子作りが得意。,,あんみつ,Anmitsu,家庭科,Home Economics,SWEET,辛口カレー,Dry Curry,148,83,お菓子作り、先輩,Baking and Hanging Out With Her Seniors,さそり座,Sagittarius,ひいらぎ まこと,柊,,聖櫻学園,Seiou Academy,macomaco_hi,63,42,1,2016-10-30 23:41:30
21,Mikoto Kanzaki,Mikoto Kanzaki,神崎ミコト,b30bf155022d066e91736179ed360de3,-1,Teachers,2015-06-06,1970-06-06,B,91,Teacher,保健委員会,Nurse,小林ゆう,Yu Kobayashi,聖櫻学園の保健医。<br>セクシーで思わせぶりな言動から、勘違いする男子が後を絶たない。<br>仕事ぶりはややアバウトなものの、生徒からの人気は高い。<br>ビールは生派で、同僚の荒井薫は飲み仲間。,,天ぷらそば,Tempura Soba,保健体育,Health Care and Physical Education,COOL,麩菓子,Bran Confectioneries,168,88,テディベア集め、ビール,Collecting Teddy Bears and Drinking Beer,ふたご座,Gemini,かんざき みこと,神崎先生,,聖櫻学園,Seiou Academy,m_kanzaki,58,53,-1,2016-10-30 23:41:30
22,Kogiku Enjoji,Kogiku Enjoji,円城寺小菊,92d5109371d63d6ea572bc7194128596,15,Students,2015-03-03,1985-03-03,O,68,1A,日本舞踊部,Traditional Japanese Dancing Club,吉岡沙知,Sunachi Yoshioka,小柄でいつも控えめな、<br>古式ゆかしい言動の1年生。<br>男性をたて、支えながらもその後ろを歩く良妻賢母タイプ。<br>4歳の頃より日本舞踊をたしなんでおり、<br>普段から着物を着ていることが多い。,,あんみつ,Anmitsu,古典,Classic Literature,SWEET,タコ,Octopus,147,70,お人形集め、着物,Collecting Dolls and Kimonos,うお座,Pisces,えんじょうじ こぎく,円城寺,,聖櫻学園,Seiou Academy,kogiku_enj,53,38,1,2016-10-30 23:41:30
23,Ayane Nishino,Ayane Nishino,西野彩音,9353cc494a0e8fa1c3d4febdd6eb979f,15,Students,2015-03-18,1985-03-18,A,69,1A,吹奏楽部,Brass Band,名塚佳織,Kaori Nazuka,いつも一生懸命な吹奏楽部の1年生。<br>担当楽器はパーカッション。<br>小柄なため普段は小太鼓などの小さな楽器を練習しているが、憧れの大きな楽器を演奏するため体力作りの日々を送っている。<br>尊敬する先輩は同じ吹奏楽部の日野奏恵。,,バタークッキー,Butter Cookies,音楽,Music,SWEET,塩辛,Salted Fish,148,71,クラシック音楽鑑賞,Appreciating Classical Music,うお座,Pisces,にしの あやね,西野,,聖櫻学園,Seiou Academy,saion,54,39,1,2016-10-30 23:41:30
24,Miu Hasegawa,Miu Hasegawa,長谷川美卯,850a7e56d9e9e3b355cd700838cc714e,15,Students,2015-03-21,1985-03-21,O,70,1C,飼育委員会,Animal Breeding Club,内田彩,Aya Uchida,生き物全般が好きで、<br>飼育委員会に所属して学校の動物たちの面倒を見ている。<br>自ら草食系と語るが、実際に肉が苦手。<br>なお、彼女が世話をしている動物たちは学園のイベントのたびに借り出されている。,,果物、野菜全般,Fruits and Vegetables,美術,Art,SWEET,肉全般,Meat,153,72,動物園めぐり、うさぎ,Touring Zoos and Breeding Rabbits,うお座,Aries,はせがわ みう,長谷川,,聖櫻学園,Seiou Academy,myuumyuu_zoo,63,42,1,2016-10-30 23:41:30
25,Seri Kawakami,Seri Kawakami,川上瀬莉,226e8e78537ef730478242863257c06d,16,Students,2015-02-06,1984-02-06,O,80,2B,茶道部,Tea Ceremony Club,楠浩子,Hiroko Kusunoki,いつも穏やかな茶道部の2年生。<br>常に丁寧な言葉で話し、ここぞという場面では和服を着こなす和風美人。<br>和に強いこだわりを持っているようで、<br>洋菓子は口に合わないらしい。,,和三盆,Wasanbon,家庭科,Home Economics,SWEET,モンブラン,Mont Blanc,163,81,茶器集め,Collecting Various Types of Tea,みずがめ座,Aquarius,かわかみ せり,川上,,聖櫻学園,Seiou Academy,miseri,62,48,2,2016-10-30 23:41:30
26,Manami Naruse,Manami Naruse,成瀬まなみ,b0978068516fc86bd89e29d60405433d,16,Students,2015-11-02,1984-11-02,A,72,1B,バドミントン部,Badminton Club,儀武ゆう子,Yuko Gibu,ひたすらドジでおっちょこちょいなバドミントン部の1年生。<br>何かにぶつかったり、転んだりしては謝っている。<br>勘違いも多く、学園に間違ったものを持ってくることは日常茶飯事。それでもめげずに立ち直る強さを持っている。,,グラタン,Gratin,体育,Physical Education,SWEET,れんこん,Lotus Root,153,73,日向ぼっこ、散歩,Sunbathing and Walking,さそり座,Scorpio,なるせ まなみ,成瀬,,聖櫻学園,Seiou Academy,manamimi,54,43,1,2016-10-30 23:41:30
27,Airu Isshiki,Airu Isshiki,一色愛瑠,4a96c577ae21373cf31fa8bc7ac990b0,17,Students,2015-03-31,1983-03-31,B,85,3C,アイドル同好会,Idol Research Club,内田愛美,Mami Uchida,自称・学園のアイドルにしてセンター。<br>デビューを夢見る”永遠の16歳”。<br>すでに芸能人のように振舞うなど微妙にズレているところはあるものの、<br>アイドルに関する知識とそうなろうとする意欲は誰にも負けない。,,レモン,Lemons,音楽,Music,SWEET,酢豚,Sweet and Sour Pork,157,87,握手会,Attending Idol Fan Events,おひつじ座,Aries,いっしき あいる,一色先輩,,聖櫻学園,Seiou Academy,idol_airun,65,49,3,2016-10-30 23:41:30
28,Ritsu Godai,Ritsu Godai,五代律,e323c1c39d4b7c220619f4799dd2cb72,18,Students,2015-10-01,1982-10-01,A,68,3B,剣道部,Kendo Club,羅弘美,Hiromi Luo,やや時代がかった喋り方をする剣道部員。<br>1歳の時にはすでに竹刀を握っていた生粋の剣士で、一人称は「拙者」。<br>とある戦国武将の血を引いているらしく、<br>実家は居合の道場を営んでいる。,,ざる蕎麦,Buckwheat Noodles,日本史,Japanese History,COOL,スパゲティ,Spaghetti,170,68,居合、素振り,Practicing Iaido,てんびん座,Libra,ごだい りつ,五代先輩,,聖櫻学園,Seiou Academy,godai,55,48,3,2016-10-30 23:41:30
29,Juria Ryugasaki,Juria Ryugasaki,竜ヶ崎珠里椏,a1af1d24186ea39d2f6292f77fb31f20,16,Students,2015-12-10,1984-12-10,B,85,1A,帰宅部,Going Home Club,森島亜梨紗,Arisa Morishima,腕っ節が強くガラが悪い素行不良の少女。<br>胸に巻いたサラシは硬派の証。<br>随所に当て字を使った独特の口調で話し、<br>年上にも汚い言葉で接するが、<br>仲良くなった相手には敬意を持って応対する,,味噌ラーメン,Miso Ramen,体育,Physical Education,COOL,ハヤシライス,Hayashi Rice,172,83,集会,Rallying,いて座,Sagittarius,りゅうがさき じゅりあ,竜ヶ崎,,聖櫻学園,Seiou Academy,dragonjulia,60,50,1,2016-10-30 23:41:30
30,Rui Kamijo,Rui Kamijo,上条るい,025163cc083863df718413c18faf0f5b,17,Students,2015-05-02,1983-05-02,A,70,2A,弓道部,Archery Club,渡部優衣,Yui Watanabe,主人公の幼馴染で、<br>絵に描いたようなツンデレ女子。<br>文武両道の弓道部員。<br>プライドが高く、いつも上から目線で主人公に対してもきつい口調で接するが、なんだかんだでよく面倒を見ている。,,たこ焼き,Takoyaki,英語,English,COOL,ジャスミン茶,Jasmine Tea,158,73,知恵の輪,Solving Wire Puzzles,おうし座,Taurus,かみじょう るい,上条,,聖櫻学園,Seiou Academy,rui_k,53,44,2,2016-10-30 23:41:30
31,Kumiko Nanjo,Kumiko Nanjo,南條クミコ,a24cdbef41b2063bff850d3127990f79,17,Students,2015-09-09,1983-09-09,B,78,2A,新聞部,Newspaper Editors,東城日沙子,Isago Azuma,スクープを追い求める新聞部の2年生。<br>早口でお喋り。<br>学校での色恋沙汰は、<br>ほとんど把握していると豪語する。<br>好物の牛乳とあんぱんは、張り込みをする時用。あんぱんはつぶあん派。,,あんぱん、牛乳,Anpan and Milk,現代文,Modern Literature,COOL,パイ全般,All Kinds of Pie,162,81,うわさ話、メモ,Gossiping and Taking Memos,おとめ座,Virgo,なんじょう くみこ,南條,,聖櫻学園,Seiou Academy,kumikumi_scoop,62,48,2,2016-10-30 23:41:30
32,Maki Akasegawa,Maki Akasegawa,赤瀬川摩姫,37d8d14cf0043d724fb972702adec55e,17,Students,2015-06-16,1983-06-16,AB,77,2B,オカルト研究会,Occult Research Club,桑門そら,Sora Kuwaku,オカルト研究会所属で、意味ありげな怪しい言動が目立つ。<br>黒魔術に精通している。<br>部長の三嶋ゆららが文字通り「幽霊部長」のため、実質的な活動を一手に引き受けており、肝試しやハロウィンで活躍する。,,ニワトリ,Chicken,生物,Creature Studies,COOL,玉子,Eggs,160,79,黒魔術,Black Magic,ふたご座,Gemini,あかせがわ まき,赤瀬川,,聖櫻学園,Seiou Academy,6black6magic6,56,45,2,2016-10-30 23:41:30
33,Maya Yukikaze,Maya Yukikaze,雪風真弥,c6230dbce2fc956c1f44faf5b00bdc63,17,Students,2015-09-14,1983-09-14,B,68,2B,演劇部,Drama Club,斎藤楓子,Fuko Saito,演劇部の2年生。<br>持ち前の長身を活かして男役を演じることが多いせいか、女子生徒からの圧倒的な人気を誇る。<br>身振り手振り交えたおおげさなジェスチャーと、芝居がかった言動が特徴。,,レバー,Nori,現代国語,Modern Languages,COOL,大根,Radish,173,69,演劇鑑賞、ショッピング,Watching Movies in Theaters and Shopping,おとめ座,Virgo,ゆきかぜ まや,雪風,,聖櫻学園,Seiou Academy,snowwind,64,49,2,2016-10-30 23:41:30
34,Lee Chunyan,Lee Chunyan,李春燕,6dad6cc4931494e66e43cc3fcfc82897,17,Students,2015-10-11,1983-10-11,B,82,2A,中国拳法部,Chinese Kenpo Club,阿部玲子,Reiko Abe,"中国からの留学生。中華料理店でバイトをしており、出前を担当している。<br>
無類の肉まん好きで、自ら作ることも。<br>
中国拳法が最強との持論を持ち、格闘競技系の部活に勝負を申し込んでは断られているらしい。",,中華まん,Chinese Steamed Buns,体育,Physical Education,POP,ピザまん,Pizza,160,85,ブルー○・リー,Watching Martial Arts Movies,てんびん座,Libra,り ちゅんいぇん,李,,聖櫻学園,Seiou Academy,chunyan,58,48,2,2016-10-30 23:41:30
35,Akira Hatori,Akira Hatori,羽鳥晶,786008aabbf4a35bd62666252055cbd5,17,Students,2015-02-17,1983-02-17,O,78,2C,バスケ部,Basketball Club,後藤香織,Kaori Goto,バスケットボール部の2年生。<br>ポジションはスモールフォワードで、将来はプロ選手になることを目指している。<br>非常に勝気で、とてつもなく負けず嫌い。<br>部活が休みの日でも、ストリートコートで練習をしている。,,おにぎり,Onigiri,体育,Physical Education,POP,野菜全般,Vegetables,166,80,リストバンド集め,Collecting Wristbands,みずがめ座,Aquarius,はとり あきら,羽鳥,,聖櫻学園,Seiou Academy,bird_shot,60,51,2,2016-10-30 23:41:30
36,Kira Hayashida,Kira Hayashida,林田希羅,b5c64e2eb82e2096ca803d040b3fb5ca,16,Students,2015-07-18,1984-07-18,B,83,1C,応援団チアガール部門,Cheerleader,森嵜美穂,Miho Morisaki,応援団所属のチアガール。<br>同じく応援団の林田たまきは姉。いつも元気で明るく、落ち込んでいる人を見ると励まさずにいられない。<br>自ら「無敵の女神」と言うだけあって、彼女が応援した試合は実際に無敗である。,,豆乳,Soy Milk,英語,English,POP,ドリアン,Durians,165,85,ウィンドウショッピング,Window Shopping,かに座,Cancer,はやしだ きら,林田,,聖櫻学園,Seiou Academy,kirakira_Yell,58,48,1,2016-10-30 23:41:30
37,Mirei Ayanokoji,Mirei Ayanokoji,綾小路美麗,48f69c8f870e5a8823ee703870e460c2,16,Students,2015-12-23,1984-12-23,B,73,1C,乗馬部,Horse Riding Club,山口立花子,Rikako Yamaguchi,金髪縦ロールのツンデレお嬢様。<br>上品だが常に上から目線で、<br>主人公を下僕と呼ぶ。<br>日頃から金持ちアピールに余念がない。<br>小柄で胸周りがやや寂しいことを気にしている様子。,,キャビア,Caviar,英語,English,POP,カップ麺,Cup Noodles,152,80,買い物,Shopping,やぎ座,Capricorn,あやのこうじ みれい,綾小路,,聖櫻学園,Seiou Academy,lady_beauty,53,43,1,2016-10-30 23:41:30
38,Eri Minaguchi,Eri Minaguchi,皆口英里,80732de107fa256751092469d7fe8584,17,Students,2015-08-14,1983-08-14,A,78,2B,ソフトボール部,Softball Club,楠田亜衣奈,Aina Kusuda,ソフトボール部の主軸でポジションはピッチャー。プロ野球選手が好きで、よくメジャーリーグ中継を録画して見ている。<br>女子ではプロ野球選手になれないと思い、ソフトに転向した。<br>豪快で細かいことは気にしない。,,ソフトクリーム,Soft-Serve Ice Cream,数学,Mathematics,POP,ごぼう,Burdock,166,80,自転車,Bicycling,しし座,Leo,みなぐち えり,皆口,,聖櫻学園,Seiou Academy,eri_homerun,63,52,2,2016-10-30 23:41:30
39,Hana Yamada,Hana Yamada,山田はな,a313e37b862d59a91be602a163732bcf,17,Students,2015-08-31,1983-08-31,B,68,2B,帰宅部,Going Home Club,丸塚香奈,Kana Maruzuka,テストで0点をとっても数字を書き足して1000点にしてしまうほど無邪気でおバカなキャラクター。<br>いつでも明るく元気で、<br>どんな失敗をしても笑い飛ばす。<br>ラーメンは麺より先にスープを飲み干す派。,,ハンバーガー,Hamburger,なし,None,POP,茶わん蒸し,Cup Noodles,151,70,なし,None,おとめ座,Virgo,やまだ はな,山田,,聖櫻学園,Seiou Academy,hanamaru,60,43,2,2016-10-30 23:41:30
40,Rui Takasaki,Rui Takasaki,高崎瑠依,6beace32ef09dd2cd9189680fd013496,16,Students,2015-03-19,1984-03-19,B,82,2A,英語研究会,English Study Group,田村奈央,Nao Tamura,英語研究会所属の2年生。<br>明るくていつもテンションが高い。<br>イギリス、アメリカでの生活を経て日本に戻ってきた帰国子女で英語混じりの独特な口調で話す。大好きな紅茶に対しては本場仕込みのこだわりがたくさんある。,,ポテトフライ,French Fries,英語,English,POP,納豆,Natto,163,85,スケートボード,Skateboarding,うお座,Pisces,たかさき るい,高崎,,聖櫻学園,Seiou Academy,loewy_tksk,58,48,2,2016-10-30 23:41:30
41,Hina Nigaki,Hina Niigaki,新垣雛菜,7b2e3f99a97b354d2a59b005441f55d6,17,Students,2015-12-13,1983-12-13,O,79,2A,帰宅部,Going Home Club,米澤円,Madoka Yonezawa,ピンクを紫に染め分けた髪が印象的な2年生。<br>実家は美容室で、美容師である母に憧れて本人もその道を志している。<br>ヘアアレンジの腕前はプロ顔負けで、学園の生徒たちのカットも請け負う。,,とろろこんぶ,Tororo Konbu,美術,Art,SWEET,ゆで卵,Boiled Eggs,155,80,前髪をきれいに切る、ヘアアレンジ,Keeping Her bangs Neatly Trimmed and Arranging Her Hair,いて座,Sagittarius,にいがき ひな,新垣,,聖櫻学園,Seiou Academy,hina_beautician,55,47,2,2016-10-30 23:41:30
42,Yukie Yatsuka,Yukie Yatsuka,八束由紀恵,dc2bbe3691eb59e282aa1d4037ae60ea,17,Students,2015-04-02,1983-04-02,O,70,2C,学級委員,Class Representative,今井麻美,Asami Imai,いつも落ち着いていて、<br>てきぱきと物事をこなす学級委員。<br>しっかり者に見えるが、やることは意外と大雑把。<br>日常ではPCや携帯電話を普通に使いこなしているが、趣味は昔ながらの文通。,,八橋,Yatsuhashi,世界史,World History,COOL,ししとう,Green Pepper,161,73,文通,Chatting,おひつじ座,Aries,やつか ゆきえ,八束,,聖櫻学園,Seiou Academy,8tuka,56,45,2,2016-10-30 23:41:30
43,Akane Sakurai,Akane Sakurai,櫻井明音,661eb8c8e22bc99f5060d7447a566c30,17,Students,2015-11-20,1983-11-20,A,85,2C,放送委員会,School Radio Broadcaster,佐藤利奈,Rina Sato,放送委員会の2年生。昼の放送でパーソナリティを担当している有名人で、<br>将来はアナウンサーになるのが夢。<br>明るく朗らかな性格で、<br>気配りもできるクラスの頼れる人気者。<br>ポニーテールに強いこだわりがある。,,メロン,Melons,現代社会,Modern Society,POP,梅干し,Dried Plums,160,87,早口言葉、リボンやシュシュ収集,Tongue Twisters and Collecting Ribbons,さそり座,Scorpio,さくらい あかね,櫻井,,聖櫻学園,Seiou Academy,akane_S,58,48,2,2016-10-30 23:41:30
44,Kodama Yamano,Kodama Yamano,山野こだま,02f0126b1b4a9a4b462487c4d0fdce0c,16,Students,2015-11-11,1984-11-11,B,80,1B,ワンダーフォーゲル部,Bird Watching Club,南里侑香,Yuuka Nanri,エベレスト登頂に憧れる、<br>ほんわか少女。物腰がやわらかく、<br>友達思いで優しい。<br>小柄だが、大股で歩くためスピードは早い。<br>山登りのほかに鳥が好きで、<br>登山の際は野鳥観察を欠かさずに行う。,,クリームシチュー,Cream Stew,美術,Art,SWEET,タコ,Octopus,146,82,バードウォッチング、登山,Bird Watching and Rock Climbing,さそり座,Scorpio,やまの こだま,山野,,聖櫻学園,Seiou Academy,coda_mountain,63,48,1,2016-10-30 23:41:30
45,Shiori Shiratori,Shiori Shiratori,白鳥詩織,bff0b4923d766ce178dcf3179bc1aa27,16,Students,2015-12-11,1984-12-11,A,72,2C,合唱部,Chorus,高橋美佳子,Mikako Takahashi,引っ込み思案な合唱部の2年生。<br>歌唱力は高いが、個人で歌う勇気がなかったため合唱を選んだ。<br>恥ずかしがりやで人見知りが激しいものの、いったん打ち解けた相手には親密に接する。,,ハチミツ,Honey,音楽,Music,SWEET,辛い物全般,Anything With A Very Strong Flavor,156,75,オペラ、洋楽鑑賞,Watching Operas and Observing The World,いて座,Sagittarius,しらとり しおり,白鳥,,聖櫻学園,Seiou Academy,swansong,55,45,2,2016-10-30 23:41:30
46,Yulia Valkova,Yulia Valkova,ユーリヤ・ヴャルコワ,c32df62b00b70bcbcf45bc6c069df6ba,15,Students,2015-02-12,1985-02-12,O,73,1B,バレエ部,Ballet Club,上坂すみれ,Sumire Uesaka,ロシアからの留学生。<br>3歳からバレエを習っており、その所作の美しさはダンスの授業に見物人が出るほど。<br>趣味は一人旅で、ふらりとどこかに出かけてしまう。同じ留学生のクロエ・ルメールとは仲が良い。,,ピロシキ,Piroshki,美術,Art,SWEET,糠漬け,Pickles,157,75,旅行、ストレッチ,Stretching and Traveling,みずがめ座,Aquarius,ゆーりや ?ゃるこわ,ユーリヤ,,聖櫻学園,Seiou Academy,Yulia_attitude,60,43,1,2016-10-30 23:41:30
47,Moeka Nitta,Moeka Nitta,新田萌果,b9c5356a50b3e41a6d57144711423480,16,Students,2015-11-14,1984-11-14,AB,85,1A,演劇部,Drama Club,村田知沙,Tomosa Murata,演劇部所属で、将来は女優を目指す1年生。抜群の演技力を誇る。<br>キュートなルックスの持ち主で男子からの人気が高いが、小悪魔的な一面があり、<br>甘い口調で話していながらもたびたび毒が混じる。,,大豆,Soybeans,現代国語,Modern Languages,SWEET,イカ,Squid,145,85,観劇、犬をかわいがる,Practicing Theater Performances and Walking Her Dog,さそり座,Scorpio,にった もえか,新田,,聖櫻学園,Seiou Academy,moe_act,56,45,1,2016-10-30 23:41:30
48,Nanase Minamida,Nanase Minamida,南田七星,54cc2afbaac339bf0d0311f8874e1a5c,17,Students,2015-07-07,1983-07-07,AB,78,2C,天文部,Astrology Club,原紗友里,Sayuri Hara,夜空に輝く星を愛する少女。<br>優しく親切で、やや夢見がち。<br>普段から空を見上げているため、よく何かにつまづいて転ぶ。<br>変わり者で思考があちこちに飛ぶため、他人と話がかみ合わないことがある。,,こんぺいとう,Konpeito,地学,Geoscience,SWEET,ちくわぶ,Chikuwabu,157,80,天体観測、神話,Astronomical Observation and Studying Mythology,かに座,Cancer,みなみだ ななせ,南田,,聖櫻学園,Seiou Academy,sevenstars,58,47,2,2016-10-30 23:41:30
49,Mai Masaoka,Mai Masaoka,正岡真衣,5960668d9981d6be4253b8b35835eefa,18,Students,2015-09-09,1982-09-09,O,69,3B,帰宅部,Going Home Club,斎藤桃子,Momoko Saito,生まれつき身体が弱く、<br>かつては入退院を繰り返していた。<br>後ろ向きの発言が多いものの、<br>苦境に慣れているせいか精神は強い。<br>色白で直射日光に弱く、外出には日傘が欠かせない。健康情報と寝具に詳しい。,,カステラ,Castella,保健体育,Health and Physical Education,COOL,粥,Gruel,149,70,健康情報、寝具試し,Giving Out Health Information and Testing Mattresses and Bedding,おとめ座,Virgo,まさおか まい,正岡先輩,,聖櫻学園,Seiou Academy,masamai,53,38,3,2016-10-30 23:41:30
50,Akiho Shigeto,Akiho Shigeto,重藤秋穂,9589e59f90f17c1efec712e3714f8c1b,18,Students,2015-09-10,1982-09-10,A,78,3B,弓道部,Archery Club,豊口めぐみ,Megumi Toyoguchi,弓道部の部長を務める3年生。<br>クールビューティーらしい立ち居振る舞いで、同姓からの人気が高い。<br>基本的にはしっかり者だが、集中しすぎて周りが見えなくなったり、何も考えずにぼんやりとしていたりと心配な面も。,,クリームコロッケ,Cream Croquettes,古典,Classic Literature,COOL,スイカ,Watermelon,169,82,瞑想,Meditation,おとめ座,Virgo,しげとう あきほ,重藤先輩,,聖櫻学園,Seiou Academy,akiho_shigetou,57,48,3,2016-10-30 23:41:30
51,Nao Miyoshi,Nao Miyoshi,見吉奈央,de05c0c41b03ab28c8e707a79cb86b25,16,Students,2015-01-16,1984-01-16,O,83,2C,帰宅部,Going Home Club,内田真礼,Maaya Uchida,ファッションモデルをしている2年生。<br>学校ではあまりやる気を見せないが、身だしなみを整えるとスイッチが入ってハキハキとした調子になる。<br>体型の維持や流行のチェックには常に気を配っている。,,こんにゃく,Konjac,なし,None,COOL,青海苔,Green Nori,170,85,ファッション全般,Fashion,やぎ座,Capricorn,みよし なお,見吉,,聖櫻学園,Seiou Academy,nao_min,53,45,2,2016-10-30 23:41:30
52,Nagiko Kurokawa,Nagiko Kurokawa,黒川凪子,f6ac53e5171b0f7bd356c22b9a31f8bc,16,Students,2015-02-02,1984-02-02,B,79,2B,軽音部,Light Music Club,後藤沙緒里,Saori Goto,"軽音部の2年生。<br>
ガールズバンド「にゅーろん★くりぃむそふと」での担当楽器はベース。<br>
普段は口数が少なく品行方正だが、盛り上がってくるとベースを振り回したり激しくシャウトしたり別人のようになる。",,ドクペ（ド○ター・ペッパー）,Dokupe (Dr.Pepper),音楽,Music,COOL,グリンピース,Green Peas,158,81,パンクロック、フィギュア集め,Being Punk and Collecting Figures,みずがめ座,Aquarius,くろかわ なぎこ,黒川,,聖櫻学園,Seiou Academy,dupe_nageek,56,48,2,2016-10-30 23:41:30
53,Chizuru Onodera,Chizuru Onodera,小野寺千鶴,c504a65b6be89b7167c0f37d54291ec5,18,Students,2015-12-21,1982-12-21,AB,82,3C,マンガ研究部,Manga Research Club,儀武ゆう子,Yuko Gibu,マンガ研究部の3年生。<br>面倒見が良く、人望が厚い。原稿の締め切りに追われていることが多く、煮詰まり具合でテンションが激しく上下する。<br>漫画制作に対する意欲が高く、何を見ても参考資料にしようとする癖がある。,,栄養ドリンク,Energy Drinks,美術,Art,POP,牛乳,Milk,164,83,漫画、アニメ,"Reading Manga, Drawing Manga, and Watching Anime",いて座,Sagittarius,おのでら ちづる,小野寺先輩,,聖櫻学園,Seiou Academy,kuramori,60,49,3,2016-10-30 23:41:30
54,Kazuha Kumada,Kazuha Kumada,熊田一葉,5ea1d2831d3ec3607e07916541e053f1,17,Students,2015-12-09,1983-12-09,A,78,2C,柔道部,Judo Club,佐倉綾音,Ayane Sakura,柔道部の2年生。<br>子供の頃から柔道一直線で、考えるより体力で解決しようとするタイプ。<br>大雑把で細かいことは気にしない。<br>女子らしい振る舞いはあまりないが、常に他人を気遣う。,,牛丼,Beef Bowls,体育,Physical Education,POP,サラダ,Salads,162,78,柔道、マッサージ,Practicing Judo and Getting Massages,いて座,Sagittarius,くまだ かずは,熊田,,聖櫻学園,Seiou Academy,minibear,62,48,2,2016-10-30 23:41:30
55,Sonomi Kakei,Sonomi Kakei,掛井園美,b68d6230e7a354262a9c6d24a61cca83,17,Students,2015-08-01,1983-08-01,AB,82,2C,帰宅部,Going Home Club,大坪由佳,Yuka Otsubo,BL本やアニメが大好きで、常に妄想を繰り広げている生粋の腐女子。<br>「×」が間に入っていればどんなものからも妄想を膨らませることが可能で、しばしば暴走気味になる。<br>画力には恵まれず、購入専門。,,カレー,Curry,古典,Classic Literature,POP,焼きそば,Pan-Fried Noodles,156,83,漫画アニメ、即売会、妄想,"Reading Manga, Watching Anime, Touring Anime/Manga Locations in Person, and Fantasizing",しし座,Leo,かけい そのみ,掛井,,聖櫻学園,Seiou Academy,xsonominx,60,47,2,2016-10-30 23:41:30
56,Mayuri Oyama,Mayuri Oyama,大山真由里,b015245e3284160ce8f490d549e205a9,16,Students,2015-10-25,1984-10-25,A,77,1A,空手部,Karate Club,大久保瑠美,Rumi Okubo,空手に打ち込む体育会系熱血少女。<br>思い込んだら一直線。<br>決して真面目なタイプではないが、正義感は強く、悪いことは悪いとはっきり言う。<br>思考が単純で思い込みが激しいので、よく人に騙される。,,チャーハン,Fried Rice,体育,Physical Education,POP,わさび,Wasabi,155,77,空手、格闘技観戦,Practicing Karate and Watching Martial Arts Films,さそり座,Scorpio,おおやま まゆり,大山,,聖櫻学園,Seiou Academy,mayumayurin,58,46,1,2016-10-30 23:41:30
57,Remi Tamai,Remi Tamai,玉井麗巳,11c5bc58e336d1422c88780c9c3c3646,17,Students,2015-01-31,1983-01-31,O,76,3C,ゴルフ部,Golf Club,下屋則子,Noriko Shitaya,明るく能天気なゴルフ部員の3年生。<br>頭を使うことは苦手。だが、それ以外の勝負にはこだわりがあり、特にゴルフに関しては真剣に勝ちを狙いにいく。<br>腋が甘く無防備で、少しぐらい見えていても気にしない。,,シュウマイ,Dumplings,なし,None,POP,きなこ,Flour,163,78,ゴルフ,Playing Golf,みずがめ座,Aquarius,たまい れみ,玉井先輩,,聖櫻学園,Seiou Academy,remi_niceshot,56,48,3,2016-10-30 23:41:30
58,Nae Yuki,Nae Yuuki,優木苗,e394f1b98dbab487b31074fa7a14f8b6,15,Students,2015-03-31,1985-03-31,O,68,1B,手芸部,Handicrafts Club,日高里菜,Rina Hidaka,手芸部の1年生。<br>可愛いものが好きで、自分の部屋は自作・他作を問わずぬいぐるみであふれている。性格は幼い外見に違わず純真。<br>素直すぎるがゆえ、場の空気を凍らせるような発言をすることも。,,イチゴ,Strawberries,家庭科,Home Economics,SWEET,レーズン,Raisins,143,70,あみぐるみ・ぬいぐるみ集め,Knitted Plushie Collection,おひつじ座,Aries,ゆうき なえ,優木,,聖櫻学園,Seiou Academy,yuu_na,53,42,1,2016-10-30 23:41:30
59,Rei Shinonome,Rei Shinonome,東雲レイ,43922040ad2cff8fdbce054a45ea9b06,17,Students,2015-09-28,1983-09-28,AB,70,2C,帰宅部,Going Home Club,喜多村英梨,Eri Kitamura,自宅に10台のPCを構えるハッキング少女。<br>プライドが高く、あまのじゃくな性格。<br>成績は非常に優秀だが、出席率は低い。<br>一人暮らしをしており、<br>食事は外食で済ませることが多いらしい。,,ペパロニピザ,Pepperoni Pizza,数学,Mathematics,COOL,烏龍茶,Oolong Tea,153,73,ハッキング　バグ探り　Lisp（プログラミング言語）,Hacking and Programming,てんびん座,Libra,しののめ れい,東雲,,聖櫻学園,Seiou Academy,blue_cloud,55,46,2,2016-10-30 23:41:30
60,Kise Yukawa,Kise Yukawa,湯川基世,7939185370646661e65510e71a939dbe,16,Students,2015-01-23,1984-01-23,AB,72,2A,化学部,Chemistry Club,金元寿子,Hisako Kanemoto,制服の上から白衣を羽織っている。<br>研究大好きな化学部の副部長。<br>いつも屋内で研究に没頭している。<br>ぐるぐる眼鏡を外せば可愛い素顔が現れるが、自分の容姿には興味がない。,,カレー,Curry,化学,Chemistry,POP,ピーマン,Green Pepper,148,75,調合、解明、構築,"Coming Up With Formulations, Testing Formulations, and Creating Things",みずがめ座,Aquarius,ゆかわ きせ,湯川,,聖櫻学園,Seiou Academy,yuckchemistry,54,44,2,2016-10-30 23:41:30
61,Ichigo Kohinata,Ichigo Kohinata,小日向いちご,2df7246c2a7cbf52ec7d6ff05a9f1e35,15,Students,2015-01-05,1985-01-05,O,83,1B,美術部,Art Club,竹達彩奈,Ayana Taketatsu,朝昼晩の食事で必ず果物を食べるほどのフルーツ好きで、よく絵も描いている。<br>マイペースでいつも柔らかな雰囲気を漂わせているが、あわてん坊な一面もある。<br>唯一苦手なドリアンを克服する野望を持つ。,,イチゴ、桃,Strawberries and Peaches,美術,Art,SWEET,ドリアン,Durians,146,82,美術館めぐり、フルーツデコ,Making Decorative Fruit and Touring Museums,やぎ座,Capricorn,こひなた いちご,小日向,,聖櫻学園,Seiou Academy,momoichigo,57,45,1,2016-10-30 23:41:30
62,Miss Monochrome,Miss Monochrome,ミス・モノクローム,90ad3fd3947e367e14f32d72a0e0db4a,-1,Students,NULL,NULL,,-1,2C,帰宅部,Going Home Club,堀江由衣,Yui Horie,謎のアンドロイド。<br>なぜか自我が芽生え、研究の一環として感情を学習する目的で学園に転入してきた。<br>常識や感情の機微に疎いため、ズレたボケやきつすぎるツッコミが飛び出すこともしばしば。,,電池、海苔弁当、うな○パイ,Batteries and Nori Bento,"???
",,COOL,ジェリービーンズ、黒酢,Jelly Beans and Black Vinegar,155,-1,人間観察　鳥の餌やり,"Observing Humans, Feeding Birds",,,みす ものくろーむ,モノクローム,,聖櫻学園,Seiou Academy,,-1,-1,2,2016-10-30 23:41:30
63,Kinoko Himejima,Kinoko Himejima,姫島木乃子,41cd729df7be8b9a9f27fa9224a6e4c8,17,Students,2015-06-03,1983-06-03,B,69,2C,帰宅部,Going Home Club,水橋かおり,Kaori Mizuhashi,ゲームやアニメが大好きな学園屈指の変わり者。<br>引きこもり体質で何かと学校をサボりたがるが、たまに出席してもずっと寝ている。<br>あだ名は「しめじ」で、クラスの大半が彼女の本名を忘れてしまっている。,,きのこの森,Forest Mushrooms,生物,Creature Studies,POP,たけのこの林,Bamboo Shoots,145,70,ゲーム、アニメ,Gaming and Watching Anime,ふたご座,Gemini,ひめじま きのこ,姫島,,聖櫻学園,Seiou Academy,honshimeji,53,42,2,2016-10-30 23:41:30
64,Chloe Lemaire,Chloe Lemaire,クロエ・ルメール,b4c1f4db46d5b9e9eda357c0cbf09716,17,Students,2015-03-08,1983-03-08,O,86,3A,日本文化研究会,Japanese Culture Research Association,丹下桜,Sakura Tange,アニメをきっかけに日本に興味を持ち、<br>フランスからやってきた留学生。<br>やや舌足らずの日本語を話す。<br>好奇心旺盛で行動力抜群だが、<br>常識外れの行動で困った事態を引き起こすことも。,,お寿司,Sushi,美術,Art,SWEET,奈良漬,Pickled Vegetables,167,88,寺社仏閣、旅行,Traveling To Various Temples and Shrines Across Japan,うお座,Pisces,くろえ るめーる,クロエ先輩,,聖櫻学園,Seiou Academy,chloe_jplove,60,49,3,2016-10-30 23:41:30
65,Kokomi Shina,Kokomi Shiina,椎名心実,70fbd1ab80be24292846b07840eb71bc,17,Students,2015-05-31,1983-05-31,O,83,2B,新体操部,Rhythmic Gymnastics Club,佐藤聡美,Satomi Sato,ミス聖櫻コンテストで常に上位をキープする、学園のマドンナ的存在。<br>才色兼備の優等生で、優しく誰にでも気さくに接する。<br>甘いものが大好きだが、新体操をしているため控えめにしている。,,メロンパン,Melonpan,英語,English,COOL,ツナ,Tuna,160,85,アロマキャンドル,Collecting Aromatherapy Candles,ふたご座,Gemini,しいな ここみ,椎名,,聖櫻学園,Seiou Academy,sheena_heart,58,48,2,2016-10-30 23:41:30
66,Yoko Tsukishiro,Yoko Tsukishiro,月白陽子,9ee9ad399532ef1fd697d99c8b3a097f,-1,Teachers,2015-01-09,1970-01-09,A,86,Teacher,英語研究会,English Study Group,遠藤綾,Aya Endo,英語教師。<br>一見すると真面目で厳しい堅物だが、中身は柔和で少し気弱なお姉さん。<br>生徒に軽く見られないように外見を固めているものの、髪を下ろしてメイクを落とすと本来の性格に戻る。,,クレープ,Crepes,英語,English,COOL,酒類,Alcoholic Drinks,161,88,料理、編み物,Cooking and Knitting,やぎ座,Capricorn,つきしろ ようこ,月白先生,,聖櫻学園,Seiou Academy,tukihi,57,49,-1,2016-10-30 23:41:30
67,Fumio Murakami,Fumio Murakami,村上文緒,68a504caa80cd5e11b6c2f665dbe8d17,18,Students,2015-11-02,1982-11-02,B,86,3A,図書委員会,Library Assistant,名塚佳織,Kaori Nazuka,口数が少なく、いつも本を読んでいる図書委員。<br>感情表現が苦手で口下手のため、うまく他人と打ち解けられないが、それでも自分に声をかけてくれる人には感謝している。<br>望月エレナと仲が良い。,,ケーキ,Cake,古典,Classic Literature,COOL,レバー,Liver,160,86,読書,Reading,さそり座,Scorpio,むらかみ ふみお,村上先輩,,聖櫻学園,Seiou Academy,humi_bookmark,56,45,3,2016-10-30 23:41:30
68,Noriko Kiryu,Noriko Kiryu,霧生典子,bb1de90e8a0a96ba83b7078d6beaec7f,17,Students,2015-10-20,1983-10-20,A,74,2C,風紀委員会,Discipline Committee,白石涼子,Ryoko Shiraishi,自由すぎる聖櫻学園の校風を正すために奮闘する風紀委員。<br>冗談好きという一面もあるが、笑いのセンスがどこかズレており、口にしても通じないことが多い。<br>長身にコンプレックスを持っている。,,幕の内弁当,Makunouchi,数学,Mathematics,COOL,もんじゃ焼き,Monjayaki,171,78,掃除、整理整頓,Cleaning and Organizing,てんびん座,Libra,きりゅう のりこ,霧生,,聖櫻学園,Seiou Academy,noriko_kiryu,58,49,2,2016-10-30 23:41:30
69,Shuri Furuya,Shuri Furuya,古谷朱里,0f7795cd6bd14c8fea1efec44edfba48,17,Students,2015-06-18,1983-06-18,O,75,2C,考古学研究会,Archaeological Research Society,小清水亜美,Ami Koshimizu,考古学研究会に所属する2年生。<br>オーパーツや七不思議などのオカルトまがいの歴史が大好きで、映画に登場した考古学者堅苦しい雰囲気やじっとしていることが苦手。<br>運動神経は良い。,,缶詰,Canned Goods,世界史,World History,POP,マナーの厳しい料理,Gourmet Food,163,85,考古学　アウトドア,Archaeology and Outdoor Activities,ふたご座,Gemini,ふるや しゅり,古谷,,聖櫻学園,Seiou Academy,Sully_oldvalley,59,48,2,2016-10-30 23:41:30
70,Michiru Tomura,Michiru Tomura,戸村美知留,72140602bf058247987d8b26780d5834,16,Students,2015-06-26,1984-06-26,B,85,2C,帰宅部,Going Home Club,阿澄佳奈,Asumi Kana,いつも笑顔の前向きな楽天家。<br>コスプレイヤー「トムトムミッチー」としてコスプレ界隈では有名な存在。<br>完成度の高いコスチュームを毎回自作しており、その費用を捻出するためにアルバイトをいくつも掛け持ちしている。,,塩らーめん,Ramen,家庭科,Home Economics,POP,青汁,Green Juice,162,87,コス衣装制作、モノマネ,Making Costumes and Impersonating People,かに座,Cancer,とむら みちる,戸村,,聖櫻学園,Seiou Academy,tomtom_michiy,58,48,2,2016-10-30 23:41:30
71,Marika Saeki,Marika Saeki,佐伯鞠香,d02b1ca6a6328ac1f7853719f0600729,17,Students,2015-07-05,1983-07-05,A,79,2B,保健委員会,Nurse,伊藤かな恵,Kanae Itou,余りある奉仕精神を発揮する保健委員。<br>困難な状況ほど燃えるタイプだが、勢い任せで行動することが多い。<br>養護教諭の神崎ミコトのフォローがあって活躍できている部分もあるが、人のためになりたいという意欲は本物。,,やきそばパン,Yakisoba Pan,保健体育,Health and Physical Education,SWEET,グリンピース,Green Peas,155,82,ボランティア活動,Volunteering,かに座,Cancer,さえき まりか,佐伯,,聖櫻学園,Seiou Academy,mari_white,56,46,2,2016-10-30 23:41:30
72,Haruko Yumesaki,Haruko Yumesaki,夢前春瑚,57aa9a73d6adcc4783bfb0e78952c529,16,Students,2015-04-24,1984-04-24,AB,76,1C,園芸部,Gardening Club,茅野愛衣,Ai Kayano,いつも花壇の手入れをしている園芸部の1年生。植物学者を父に持ち、幼少から植物の世話ばかりしてきたため、人付き合いがやや苦手。<br>空想好きで、時と場所を選ばずぼんやりと何か考えていることが多い。,,サラダ,Salad,生物,Creature Studies,SWEET,スナック菓子,Junk Food,150,79,ガーデニング、空想,Gardening and Fantasizing,おうし座,Taurus,ゆめさき はるこ,夢前,,聖櫻学園,Seiou Academy,haluhalu_flower,54,43,1,2016-10-30 23:41:30
73,Eiko Hibara,Eiko Hibara,飛原鋭子,066dfaf693aab342dad6d0d95c1200d4,18,Students,2015-04-06,1982-04-06,A,77,3B,将棋部,Shogi Club,伊藤静,Shizuka Ito,将棋部部長。腕は確かで、高校の全国大会に毎回出場している。<br>自分にも他人にも厳しくストイックでクールな性格。<br>普段は冷静で何事にも動じないが、将棋を指しているときは様々な表情を見せる。,,西京漬け,Pickled Saikyo,数学,Mathematics,COOL,山芋,Yams,165,79,ラジオ鑑賞と投稿,Listening to The Radio and Calling in to Win Prizes,おひつじ座,Aries,ひばら えいこ,飛原先輩,,聖櫻学園,Seiou Academy,hibara,60,49,3,2016-10-30 23:41:30
74,Isuzu Shiranui,Isuzu Shiranui,不知火五十鈴,6b3b5b30788e41ecf71b4ab6a62c83fe,17,Students,2015-08-07,1983-08-07,AB,78,2A,華道部,Flower Arrangement Club,悠木碧,Aoi Yuki,華道部の2年生。<br>暗記力に優れ、成績優秀で学年トップ3に入る。ぶっきらぼうに見えるが、内心では友達を欲しがっている。<br>私服はそのほとんどが和服で、祖母から受け継いだものである。,,春菊,Garland Chrysanthemum,物理,Physics,COOL,肉,Meat,146,81,着物、人間観察,Collecting Kimonos and Observing People,しし座,Leo,しらぬい いすず,不知火,,聖櫻学園,Seiou Academy,i_shiranui,55,43,2,2016-10-30 23:41:30
75,Erena Mochizuki,Erena Mochizuki,望月エレナ,c29f6c1c3a2b65275e4046d4f2669742,18,Students,2015-05-25,1982-05-25,B,88,3A,写真部,Photography Club,原田ひとみ,Hitomi Harada,いつも愛用のデジタル一眼を手に学園中を走り回り、女の子の写真を撮りまくる校内屈指の有名人。<br>美人でグラマーなため男子生徒からの人気が高いが、本人が興味があるのは女子ばかり。,,チョコレート,Chocolate,英語,English,SWEET,大福,Daifuku,165,88,セルフポートレート、妄想、女の子,Taking Self Portraits and Fantasizing,ふたご座,Gemini,もちづき えれな,望月先輩,,聖櫻学園,Seiou Academy,verenav,55,48,3,2016-10-30 23:41:30
76,Rino Suzukawa,Rino Suzukawa,鈴河凜乃,fbe0e26a1c64f31431d34eb4d3e59c25,17,Students,2015-08-10,1983-08-10,B,73,2B,水泳部,Swimming Club,加藤英美里,Emiri Kato,明朗快活な性格の水泳部の2年生。<br>活発すぎてじっとしているのが苦手。<br>猫が大好きで、よく三毛猫の「大将」を連れて歩いている。<br>幼少期は身体が弱かったため、元気に過ごせることに幸せを感じている。,,親子丼,Bowl of Rice Topped With Chicken and Eggs,現代文,Modern Literature,POP,しいたけ,Shiitake Mushroom,157,72,散歩、肉球いじり,Walking and Playing With Cats,しし座,Leo,すずかわ りの,鈴河,,聖櫻学園,Seiou Academy,bell_rin,57,42,2,2016-10-30 23:41:30
77,Nonoka Sasahara,Nonoka Sasahara,笹原野々花,511706e8493dd6c0740d1cd1b27ee2d0,18,Students,2015-09-13,1982-09-13,O,90,3B,陶芸部,Pottery Club,戸松遥,Haruka Tomatsu,ふんわりとした癒し系の雰囲気を漂わせる。陶芸部の3年生。<br>グラマーでスタイル抜群だが自覚がなく、随所に脇の甘さを発揮して男性を困らせる。<br>祖父の喫茶店を手伝っているが、料理の腕はイマイチ。,,フレンチトースト,French Toast,英語,English,SWEET,牡蠣,Oysters,164,89,小鳥、入浴剤集め,Bird Watching and Bath Salt Collecting,おとめ座,Virgo,ささはらの のか,笹原先輩,,聖櫻学園,Seiou Academy,sasanono,58,47,3,2016-10-30 23:41:30
78,Saya Kagurazaka,Saya Kagurazaka,神楽坂砂夜,7957e500f413b389f0857ac911e6eaa5,18,Students,2015-09-03,1982-09-03,B,88,3B,新聞部,Newspaper Editors,寿美菜子,Minako Kotobuki,新聞部の部長を務める才女。<br>事情通で、校内の生徒の情報を山ほど持っている。一見クールに見えるが、実際は好奇心旺盛な性格。<br>気に入ったものほどいじめたくなるS気質の持ち主でもある。,,トマト,Tomatoes,日本史,Japanese History,COOL,にんじん,Carrots,164,88,アクアリウム、マッサージ,Touring Aquariums and Receiving Massages,おとめ座,Virgo,かぐらざか さや,神楽坂先輩,,聖櫻学園,Seiou Academy,s_kagura,55,44,3,2016-10-30 23:41:30
79,Tsugumi Harumiya,Tsugumi Harumiya,春宮つぐみ,09016224e4b05195494d24d65d79f656,17,Students,2015-05-05,1983-05-05,O,85,2C,陸上部,Track Club,高垣彩陽,Ayahi Takagaki,主人公のクラスメート。<br>陸上部で高跳びをしている。<br>ボーイッシュな印象が強く、女子にファンが多いが、内面は年相応にシャイで少女漫画が好きな乙女。恋愛ごとには奥手だが漫画のような恋に憧れがある。,,肉,Meat,体育,Physical Education,POP,生クリーム,Fresh Cream,165,78,少女漫画、トレーニング,Physical Training and Watching Shoujo Anime,おうし座,Taurus,はるみや つぐみ,春宮,,聖櫻学園,Seiou Academy,tugumi_spring,57,46,2,2016-10-30 23:41:30
80,Raimu Nejikawa,Raimu Nejikawa,螺子川来夢,a261b0e9fb0a8276f2a3f4f25d81e22f,17,Students,2015-06-10,1983-06-10,AB,78,2A,ロボット研究部,Robot Research Club,豊崎愛生,Aki Toyosaki,ロボット研究部の部長。<br>ロボットと人間の共存が夢。機械の修理を頼まれると快く引き受けるが、本来は協調性ゼロで自分の好きなことしかやらない。<br>人間との恋愛は苦手だが、ロボット相手にはよく恋に落ちている。,,紅しょうが,Pickled Ginger,技術,Technology,POP,ナス,Eggplant,155,81,自作ロボット ねじとパーツ収集,Collecting Screws and Parts and Creating Robots,ふたご座,Gemini,ねじかわ らいむ,螺子川,,聖櫻学園,Seiou Academy,robocon_spirit,60,48,2,2016-10-30 23:41:30
81,Nozomi Miyauchi,Nozomi Miyauchi,宮内希,f8fad10753a9ed7f06cbc036a7987a9f,15,Students,2015-01-01,1985-01-01,AB,77,1C,映画研究会,Movie Study Group,広橋涼,Ryo Hirohashi,気弱で泣き虫な1年生。<br>自分の性格への反動からか特撮のヒーローに強い憧れを持つ。<br>引っ込み事案だが、ヒーローへの愛を語り始めると饒舌になる。手先が器用で、フィギュアやグッズを自作している。,,焼き鳥,Yakitori,理科総合,Science,POP,イナゴの佃煮,Boiled Grasshoppers,153,79,特撮作品観賞・工作,Creating Special Effects,やぎ座,Capricorn,みやうち のぞみ,宮内,,聖櫻学園,Seiou Academy,hero_wish,58,45,1,2016-10-30 23:41:30
82,Yuki Kubota,Yuki Kubota,久保田友季,07d2f6f8e9c2e9ca91732102ddbd8fee,20,Teachers,2015-07-12,1980-07-12,O,79,Teacher,水泳部,Swimming Club,,,なし,None,シーフードドリア,Seafood Doria,なし,None,ALL,炭酸飲料,Carbonated Drinks,160,82,ダイビング,Diving,かに座,Cancer,くぼた ゆき,久保田さん,,聖櫻学園,Seiou Academy,yuuki100,61,48,-1,2016-10-30 23:41:30
83,Kaoru Arai,Kaoru Arai,荒井薫,389957a73ded8c89cec5fab19f878dbc,20,Teachers,2015-04-11,1980-04-11,B,81,Teacher,陸上部,Track Club,,,なし,None,酒全般,Alcoholic Drinks,なし,None,ALL,甘いもの,Anything Sweet,165,83,釣り,Fishing,おひつじ座,Aries,あらい かおる,荒井さん,,聖櫻学園,Seiou Academy,k_arai,60,51,-1,2016-10-30 23:41:30
84,Yuri Otowa,Yuri Otowa,音羽ユリ,bd2df0dc03325d050c9d93a203c62209,16,Students,2015-08-19,1984-08-19,B,73,1B,帰宅部,Going Home Club,西梛あやか,Ayaka Nishina,インディーズアーティストとフェスをこよなく愛するヘッドフォン女子。<br>普段から大音量で音楽を聴いており、<br>声をかけられても気付かないことがある。<br>野外フェスにはテントと寝袋を持参するほど、全力を注いでいる。,,屋台の焼きそば,Chow Mein Stall Food,現代文,Modern Literature,COOL,マヨネーズ,Mayonnaise,154,75,インディーズアーティスト発掘,Creating Art and Excavating Things,しし座,Leo,おとわ ゆり,音羽,,聖櫻学園,Seiou Academy,sound_lily,58,46,1,2016-10-30 23:41:30
85,Kei Asami,Kei Asami,浅見景,89531af52ea9c21dd22e3bdcfec581fd,18,Students,2015-04-12,1982-04-12,O,89,3B,バレー部,Volleyball Club,伊藤美来,Miku Itou,バレー部のエースで、全ガール中屈指の長身（とバストサイズ）を誇る。<br>クラスでは委員長も勤める優等生で、<br>周囲からの信望も厚い。<br>スポーツ万能のように見えて実は水泳が苦手。,,牛乳,Milk,英語,English,SWEET,コーラ,Coke,173,89,ハートウォーミング系映画鑑賞,Watching Heartwarming Movies,おひつじ座,Aries,あさみ けい,浅見先輩,,聖櫻学園,Seiou Academy,asamil,63,51,3,2016-10-30 23:41:30
86,Serina,Serina,芹那,60368f74c1822835c674c022dc524c94,16,Other,2015-05-19,1984-05-19,A,-1,Other,応援団チアガール部門,Cheerleading Club,芹那,Serina,なし,None,スープカレー,Curry Soup,,,SWEET,その他,Other,-1,-1,少女漫画を読むこと,Reading Comics,おうし座,Taurus,せりな,芹那,,その他,Other,,-1,-1,1,2016-10-30 23:41:30
87,Mayuko Yoshikawa,Mayuko Yoshikawa,吉川繭子,6d961e79120cbbbb04ee7e6b68f682fa,17,Students,2015-07-22,1983-07-22,O,85,2B,帰宅部,Going Home Club,大前愛華,Aika Oomae,男言葉で話すスポーツ万能の2年生。<br>外見に反してなかなか男前な性格で、<br>同性からラブレターをもらうほど女子からの人気が高い。<br>好きになった異性の前では少女らしさを見せることもある。,,豚まん,Pork Buns,体育,Physical Education,POP,オクラ,Okra,163,86,編み物,Knitting,かに座,Leo,よしかわ まゆこ,吉川,,聖櫻学園,Seiou Academy,mayu_kk,58,50,2,2016-10-30 23:41:30
88,Kaho Mishina,Kaho Mishina,三科果歩,f53230b3eb51d0151d66864f6632561a,16,Students,2015-12-01,1984-12-01,AB,74,1A,料理部,Cooking Club,松井恵理子,Eriko Matsui,おっとりしているが、成績優秀でスポーツもできる。ただし、どこか天然なところがあり、肝心なことを忘れていることも。<br>パンが大好きで、料理部でさまざまな種類のパンを焼く毎日。<br>パンの天敵であるカビが大嫌い。,,あげパン,Anpan,数学,Mathematics,SWEET,なし,None,155,80,パンづくり,Baking Bread,いて座,Sagittarius,みしな かほ,果歩,,聖櫻学園,Seiou Academy,kaho_bread,58,45,1,2016-10-30 23:41:30
89,Yoshinoya Sensei,Yoshinoya Sensei,吉野屋先生,35a8cd721d9c0f62ee5ece6b8af3e526,-1,Hidamari,NULL,NULL,O,-1,Hidamari,ひだまり,Hidamari,松来未祐,Miyu Matsuki,なし,None,なし,None,,,SWEET,その他,Other,-1,-1,その他,Other,みずがめ座,Aquarius,よしのやせんせい,吉野屋先生,,山吹高校,Yamabuki High School,,-1,-1,-1,2016-10-30 23:41:30
92,Kyoko Tachibana,Kyoko Tachibana,橘響子,de1fa2cfb357bb7e74695f28a606ee61,-1,Teachers,NULL,NULL,O,83,Other,弓道部,Archery Club,新谷良子,Ryoko Shintani,聖櫻学園の国語教師で、<br>弓道部の顧問を務める。<br>明るくて少しおっちょこちょい。<br>元気いっぱいな天然系。<br>背が低いため、板書の際は背伸びをしている。養護教諭の神崎ミコトがちょっと苦手。,,スイートポテト,Sweet Potatoes,国語,Japanese,SWEET,インゲン,Green Beans,148,80,食べ歩き,Walking During Lunchtime,かに座,Cancer,たちばな きょうこ,橘先生,,聖櫻学園,Seiou Academy,ototachibana,60,45,-1,2016-10-30 23:41:30
93,Kaede Yuge,Kaede Yuge,弓削楓,ab4e6adc5ecee742a6ae30bf9d3ed884,17,Students,2015-02-14,1983-02-14,B,78,3B,帰宅部,Going Home Club,,,天真爛漫で誰に対しても気さくに接するため、男子にも女子にもモテモテの先輩。<br>運動神経が良く、負けず嫌い。<br>恋愛には一途でヤキモチ焼き。<br>少女らしい一面も見せる一方で、<br>予想もしないような大胆な行動に出る。,,クレープ,Sweet Bean Paste,なし,None,POP,豆乳,Soy Milk,164,80,読書,Reading,みずがめ座,Aquarius,ゆげ かえで,弓削先輩,,聖櫻学園,Seiou Academy,,53,43,3,2016-10-30 23:41:30
96,Miyako and Yuno,Miyako and Yuno,宮子＆ゆの,26657d5ff9020d2abefe558796b99584,-1,Hidamari,NULL,NULL,,-1,Hidamari,ひだまり,Hidamari,,,なし,None,なし,None,,,POP,その他,Other,-1,-1,その他,Other,,,みやこ＆ゆの,,,山吹高校,Yamabuki High School,,-1,-1,-1,2016-10-30 23:41:30
97,Mutsumi Shigino,Mutsumi Shigino,鴫野睦,b943d9fe2d236909fa3505a984b686b7,15,Students,2015-05-15,1985-05-15,A,71,1C,生徒会,Student Council,津田美波,Minami Tsuda,生徒会書記を務める1年生。<br>会長の天都かなたを筆頭にゆるい雰囲気になりがちな生徒会を締める役割で、きついことを言いながらも皆の仕事を手伝う苦労性。<br>しっかり者に見えて子供っぽい一面もある。,,ココア,Chocolate,古典,Classic Literature,COOL,コーヒー,Coffee,150,73,ゆるキャラ,Loose Characters,おうし座,Taurus,しぎの むつみ,鴫野,,聖櫻学園,Seiou Academy,harmo_snipe,53,43,1,2016-10-30 23:41:30
98,Mei Morizono,Mei Morizono,森園芽以,e00a813ae3fde899feea947bd7614b04,16,Students,2015-04-22,1984-04-22,O,78,1B,帰宅部,Going Home Club,三上枝織,Shiori Mikami,お掃除好きな1年生。おだやかでのんびりとした性格。<br>実家は学園の近くにある神社で、普段から巫女服に身を包んで境内を掃除している。<br>怖がりで、ホラー映画や怪談が苦手。<br>3年生の重藤秋穂は従姉妹。,,お汁粉,Red Bean Soup,日本史,Japanese History,SWEET,ふがし,Fugashi,157,78,掃除、小物集め,Cleaning and Collecting Accessories,おうし座,Taurus,もりぞの めい,森園,,聖櫻学園,Seiou Academy,meimei_forest,55,46,1,2016-10-30 23:41:30
99,Yuzuko Hazuki,Yuzuko Hazuki,葉月柚子,93f201a26b8f5068ea5fdd1ccebb9039,16,Students,2015-06-16,1984-06-16,O,79,1A,ラクロス部,Lacrosse Club,石原夏織,Kaori Ishihara,運動神経抜群のラクロス部の1年生。<br>一人でいるよりみんなでいるほうが好き。<br>率先して人をフォローするが、<br>時には愛のあるツッコミを入れる。<br>実家は蕎麦屋で、隣は朝比奈桃子の酒屋。,,焼き鳥,Yakitori,地理,Geography,POP,タマネギ,Onions,153,80,運動 シール集め,Exercising and Collecting Seals,ふたご座,Gemini,はづき ゆずこ,葉月,,聖櫻学園,Seiou Academy,may_citrus,56,44,1,2016-10-30 23:41:30
100,Shinobu Kokonoe,Shinobu Kokonoe,九重忍,a9df974f61219f427bd7bf066094cc74,18,Students,2015-09-15,1982-09-15,B,87,3C,ビリヤード同好会,Billiards Club,桑島法子,Houko Kuwashima,ビリヤード同好会の会長を務める3年生。<br>腕前はプロ級で、部への昇格を目指して奮闘している。<br>整った容姿からはクールな人物だと思われがちだが、実際には大雑把で気さくな性格。<br>純情で恋愛の話や下ネタは苦手。,,みたらし団子,Mitarashi Dango,数学,Mathematics,POP,生魚,Raw Fish,164,80,ビリヤード,Playing Billiards,おとめ座,Virgo,ここのえ しのぶ,九重先輩,,聖櫻学園,Seiou Academy,9_ball,58,48,3,2016-10-30 23:41:30
101,Momoko Asahina,Momoko Asahina,朝比奈桃子,97da29a8e5ec358cd2ec019928270e39,16,Students,2015-07-19,1984-07-19,O,75,1A,軽音部,Light Music Club,小倉唯,Yui Ogura,とても素直で人を疑うことがなく、騙されやすい性格。<br>軽音部のガールズバンド「にゅーろん★くりぃむそふと」ではキーボードを担当する。<br>実家は酒屋。葉月柚子とは家が隣同士で、幼稚園から一緒の幼馴染。,,笛ラムネ,Ramune,音楽,Music,SWEET,ゴーヤ,Bitter Gourds,145,78,シール集め　音楽,Collecting Seals and Playing Music,かに座,Cancer,あさひな ももこ,朝比奈,,聖櫻学園,Seiou Academy,mor_peach,58,44,1,2016-10-30 23:41:30
102,Masako Hatayama,Masako Hatayama,畑山政子,02cd4dc6a157aec0c0ff09cd168134dd,-1,Teachers,2015-11-06,1970-11-06,AB,86,Teacher,空手部,Karate Club,,,なし,None,唐揚げ,Fried Chicken,体育,Physical Education,ALL,山いも,Mountain Potatoes,163,85,イケメン探し,Admiring Cool Men,さそり座,Scorpio,はたやま まさこ,畑山先生,,聖櫻学園,Seiou Academy,hata_yama,55,49,-1,2016-10-30 23:41:30
103,Matsuri Kagami,Matsuri Kagami,加賀美茉莉,d6edf486b280099786d1fe26ea95913c,17,Students,2015-07-01,1983-07-01,AB,73,2C,テニス部,Tennis Club,釘宮理恵,Rie Kugimiya,厳格な家庭で育ち、普段はもったいぶった言い回しで他人行儀に振舞う。<br>根は甘えん坊で、心を許した相手には素の自分を見せてワガママを言うことも。<br>テニスの腕前は後輩の小倉愛いわく「すごい」とのこと。,,プリン,Pudding,英語,English,SWEET,ネギ,Green Onions,153,78,テニス（表向き）　童話・絵本の収集、描くこと,"Playing Tennis, Drawing, and Collecting Fairy Tale Books",かに座,Cancer,かがみ まつり,加賀美,,聖櫻学園,Seiou Academy,mikagami,53,44,2,2016-10-30 23:41:30
104,Akari Amari,Akari Amari,甘利燈,b72290fc6c99e62ebf75025cb828c7df,16,Students,2015-04-13,1984-04-13,B,72,1C,オカルト研究会,Occult Research Club,赤崎千夏,Chinatsu Akasaki,オカルト研究会所属の1年生。<br>明るく活発で人懐っこい。<br>海外ホラー作品が大好きで、特に派手なゾンビものやスプラッタームービーが好み。<br>他人に薦める時はこと細かに描写を語り、引かれている。,,マグロの目玉　トマト,Tuna Eyeballs and Tomatoes,英語,English,POP,にんにく,Garlic,153,74,ホラー映画鑑賞　ドール作り,Watching Horror Movies and Making Dolls,おひつじ座,Aries,あまり あかり,甘利,,聖櫻学園,Seiou Academy,zombie_slayer,54,43,1,2016-10-30 23:41:30
108,Nori and Nazuna,Nori and Nazuna,乃莉＆なずな,a3c65c2974270fd093ee8a9bf8ae7d0b,-1,Hidamari,2000-01-01,1960-01-01,,-1,Hidamari,ひだまり,Hidamari,,,なし,None,なし,None,,,POP,その他,Other,-1,-1,その他,Other,,,のり＆なずな,,,山吹高校,Yamabuki High School,,-1,-1,-1,2016-10-30 23:41:30
109,Isuki Ishida,Isuki Ishida,石田いすき,b5fed1ce2af5c0c4dd15fe4a222cd2d2,17,Students,2015-05-10,1983-05-10,A,69,2B,地学部,Geology Club,小見川千明,Chiaki Omigawa,ひたすら化石と古代生物にこだわる地学部の2年生。<br>明るく元気で、いつも笑顔を絶やさない。化石を見ると更にテンションがアップする。<br>髪飾りのアンモナイトは、<br>仲が進展するにつれて進化していく。,,ぺろぺろキャンディー,Lollipops,地学,Geoscience,POP,すいとん,Water,146,74,化石掘り　型抜き,Digging Up Fossils and Die-Cutting,おうし座,Taurus,いしだ いすき,石田,,聖櫻学園,Seiou Academy,fossil_love,55,45,2,2016-10-30 23:41:30
110,Mahiro Natsume,Mahiro Natsume,夏目真尋,c4615fe3ebd1c87f577403727a0f7467,17,Students,2015-04-20,1983-04-20,AB,79,2A,文芸部,Literature Club,茅原実里,Minori Chihara,おとなしく物静かだが、<br>さらりと辛らつな言葉を口にする。<br>照れ隠しでそっけない態度やきつい言葉を返してしまい、あとで後悔することもしばしば。文芸部では文芸作品を発表する一方で、密かに恋愛小説を書いている。,,きなこもち,Kinako Mochi,現代文,Modern Literature,COOL,ゆでたまご,Boiled Eggs,153,77,恋愛小説（読む・書く)　クロスワードパズル,Writing and Reading Romance Novels and Doing Crossword Puzzles,おうし座,Taurus,なつめ まひろ,夏目,,聖櫻学園,Seiou Academy,imcat,57,44,2,2016-10-30 23:41:30
111,Kanata Amatsu,Kanata Amatsu,天都かなた,4dac0e3cf042d46c4763f01d11cffbb7,17,Students,2015-09-17,1983-09-17,O,85,3A,生徒会,Student Council,井上喜久子,Kikuko Inoue,抜群の人望を持ち、<br>生徒会の会長を務める3年生。<br>優しく穏やかな癒し系で、超がつく天然。<br>優柔不断で実務能力はないに等しいが、<br>彼女の頼みは誰も断らないため、<br>生徒会の切り札的な存在となっている。,,黒蜜きなこ餅,Black Honey Mochi,現代文,Modern Literature,SWEET,トムヤムクン,Tom Yum,162,80,通販カタログ鑑賞　お茶,Ordering From Mail Order Catalogs and Drinking Tea,おとめ座,Virgo,あまつ かなた,天都先輩,,聖櫻学園,Seiou Academy,kanata_A,54,49,3,2016-10-30 23:41:30
112,Saeko Arisugawa,Saeko Arisugawa,有栖川小枝子,a3884fc52d94e6924de0d63b6768bf4d,17,Students,2015-02-14,1983-02-14,B,80,3C,合唱部,Chorus,中原麻衣,Mai Nakahara,合唱部の部長。<br>おっとりしているが社交的で、<br>まとめ上手なリーダー気質の持ち主。<br>他人の恋愛話が大好物で、何かと首を突っ込みだがるありがた迷惑な人だが、<br>自分の恋愛には無頓着な面がある。,,チョココロネ,Chocolate Cornet,音楽,Music,SWEET,コーヒー,Coffee,157,78,音楽　恋愛事（他人の）,Listening to Music and Observing Others' Relationships,みずがめ座,Aquarius,ありすがわ さえこ,有栖川先輩,,聖櫻学園,Seiou Academy,S_alice,55,45,3,2016-10-30 23:41:30
113,Satoru Kimijima,Satoru Kimijima,君嶋里琉,b2a29e7556d9ae6e5ef8cc1934361474,16,Students,2015-05-18,1984-05-18,AB,68,1C,水泳部,Swimming Club,田村睦心,Mutsumi Tamura,中性的な雰囲気を漂わせる水泳部の1年生。<br>男兄弟に囲まれて育ったせいで、<br>口調や立ち居振る舞いも男性的になっている。<br>運動神経抜群でスポーツ万能だが、<br>個人競技がやりたくて水泳を選んだ。,,リンゴ,Apples,化学,Chemistry,COOL,焼きリンゴ,Baked Apples,160,67,パズル,Solving Puzzles,おうし座,Taurus,きみじま さとる,君嶋,,聖櫻学園,Seiou Academy,satoru,55,46,1,2016-10-30 23:41:30
115,Koruri Tokitani,Koruri Tokitani,時谷小瑠璃,5149d786aaf8aecc507e734c2813098a,17,Students,2015-11-29,1983-11-29,B,73,3C,手芸部,Handicrafts Club,田村ゆかり,Yukari Tamura,手芸部の部長。小柄で愛らしい外見に反し、大胆かつ強引な性格。<br>気に入られた相手はかなりの頻度で振り回される。趣味は服飾デザインと人間の着せ替えで、すでにプロのデザイナーとしても活躍している。,,マドレーヌ,Madeleine,家庭科,Home Economics,POP,酢豚のパイナップル　ピラフのレーズン,"Pineapple, Pilaf, Raisins, and Sweet and Sour Pork",148,78,服飾デザイン　着せ替え（人間の）,"Designing Fashion, Especially Dresses",いて座,Sagittarius,ときたに こるり,時谷先輩,,聖櫻学園,Seiou Academy,azure_time,57,43,3,2016-10-30 23:41:30
116,Yurara Mishima,Yurara Mishima,三嶋ゆらら,a537002abecda481803db23d6b0977b6,18,Students,2015-08-13,1982-08-13,B,77,3A,オカルト研究会,Occult Research Club,福原香織,Kaori Fukuhara,オカルト研究会に所属する。<br>通称「幽霊部長」。誰に対してもフレンドリーで、明るくあっけらかんとした性格。<br>霊感が強いという噂があるが本人は明言しておらず、真相は不明。<br>運が絡む勝負事に非常に強い。,,かつサンド,Katsusando,日本史,Japanese History,SWEET,パセリ,Parsley,154,78,お喋り　（運の要素の強い）パーティーゲーム,Chatting and Playing Party Games That Rely on Luck,しし座,Leo,みしま ゆらら,三嶋先輩,,聖櫻学園,Seiou Academy,yurararan,58,45,3,2016-10-30 23:41:30
117,Tomo Oshi,Tomo Oshi,押井知,be65460ec0b2d6d23676dc09165d34d9,17,Students,2015-04-09,1983-04-09,AB,75,2A,放送委員会,School Radio Broadcaster,藤田咲,Saki Fujita,素直だが好奇心が旺盛で、ストレートに行動しすぎて厄介ごとを招いてしまう。<br>特にボタンやスイッチを見ると押さずにはいられない。<br>放送委員会では同じ2年生の櫻井明音と組み、昼の放送で機器の操作を担当している。,,甘納豆,Amanatto,技術,Technology,POP,トマト,Tomatoes,153,79,ボタンを押す　工場見学,Pressing Buttons and Touring Factories,おひつじ座,Aries,おしい とも,押井,,聖櫻学園,Seiou Academy,switch_on,57,44,2,2016-10-30 23:41:30
119,Tsuzuri Shirase,Tsuzuri Shirase,白瀬つづり,2a936cd4463b3156ce5e08a6b7fd4a05,17,Students,2015-12-12,1983-12-12,B,72,2A,書道部,Calligraphy Club,村川梨衣,Rie Murakawa,書道部の2年生。<br>いつもにこやかで礼儀正しい。<br>書家としては天才型で求道の姿勢が強くいろいろなものを取り入れる柔軟さもある。<br>しかし、発表する作品がかなり前衛的なため、周囲から理解されていない。,,ウナギ,Eel,現代文・古典,Modern Literature and Classic Literature,SWEET,炭酸飲料,Carbonated Drinks,154,74,書道　芸術鑑賞,Practicing Calligraphy and Art Appreciation,いて座,Sagittarius,しらせ つづり,白瀬,,聖櫻学園,Seiou Academy,t_shirase,55,44,2,2016-10-30 23:41:30
120,Haruka Kazemachi,Haruka Kazemachi,風町陽歌,f7898cc345ae3dd13c224b6d0209627c,17,Students,2015-07-03,1983-07-03,O,80,2A,軽音部,Light Music Club,早見沙織,Saori Hayami,軽音部所属。ガールズバンド「にゅーろん★くりぃむそふと」の中心的存在で主にボーカルを担当。真面目な性格だが、集中しすぎて周りが見えなくなることも。<br>音楽一家に育ち、数多くの楽器を演奏するほか。作詞作曲もこなす。,,ソフトクリーム,Soft-Served Ice Cream,音楽,Music,SWEET,イカ,Squid,156,83,音楽鑑賞　作詞作曲　アップリケ,"Writing Songs, Appreciating Music, and Applying Appliques",かに座,Cancer,かぜまち はるか,風町,,聖櫻学園,Seiou Academy,sing_wind,56,46,2,2016-10-30 23:41:30
121,Emi Sagara,Emi Sagara,相楽エミ,298c11902a22c26d5514554036e44150,17,Students,2015-11-08,1983-11-08,A,89,2B,大道芸研究会,Street Performance Study,東山奈央,Nao Toyama,ジャグリングとバランス芸を得意とする。<br>大道芸研究会の会長。<br>やる気も元気も人一倍あるが、不器用でそそっかしい一面も持つ。<br>子供の頃に見た大道芸に感動し、聖櫻学園入学後に自ら研究会を設立した。,,ごま団子,Sesame Dumplings,英語,English,POP,とろろ,Grated Yam,152,84,大道芸各種　リスグッズ集め,Doing Street Performances and Collecting Risuguzzu,さそり座,Scorpio,さがら えみ,相楽,,聖櫻学園,Seiou Academy,smile_S,56,45,2,2016-10-30 23:41:30
122,Ayame Chiyoura,Ayame Chiyoura,千代浦あやめ,a90f95c32c4d408520211eabca2840af,18,Students,2015-11-11,1982-11-11,AB,71,3A,美術部,Art Club,小松未可子,Mikako Komatsu,美術部3年生。<br>気まぐれな芸術家肌で、テンションの高低で人格まで変わる。<br>特技は折り紙で手遊びから始まり徐々に高度なものが折れるようになった。現在では絵より高い評価を得ることもある。,,湯葉,Dried Bean Curds,美術,Art,COOL,ミートソース,Meat Sauce,161,68,美術　折り紙,Creating Art and Creating Origami,さそり座,Scorpio,ちようら あやめ,千代浦先輩,,聖櫻学園,Seiou Academy,ayame_colors,55,44,3,2016-10-30 23:41:30
123,Otome Kayashima,Otome Kayashima,栢嶋乙女,356f7ac192f11c9f5caaed708c259a74,18,Students,2015-07-20,1982-07-20,AB,68,3A,日本文化研究会,Japanese Culture Research Association,内山夕実,Yumi Uchiyama,美人だが面倒くさがりで、人当たりも愛想も悪く、いつもだるそうにしている。<br>一方でSNSでは活発に活動しており、友達も多い。<br>日々、自作のキャラ弁や、変な文字が書かれたTシャツを着た写真をアップしている。,,ウインナー,Hotdogs,現代文,Modern Literature,POP,おでん,Oden,166,71,変な文字Ｔ集め　キャラ弁,Making Cute Character Bento and Collecting Various Cute Character Things,かに座,Cancer,かやしま おとめ,栢嶋先輩,,聖櫻学園,Seiou Academy,T_maiden,54,44,3,2016-10-30 23:41:30
124,Kazumi Kawabuchi,Kazumi Kawabuchi,川淵一美,0516e4b5a4a55e483b3e59177b2e6c61,17,Students,2015-05-15,1983-05-15,B,73,2C,サッカー部,Soccer Club,井ノ上奈々,Inoue Nana,サッカー部のマネージャー。<br>海外サッカーの情報をくまなくチェックする熱心なサッカーファン。<br>サッカー全般の知識も豊富だが、運動神経が鈍かったためマネージャーとなった。<br>有望な生徒がいるとすぐにスカウトする。,,フライドポテト,French Fries,生物,Creature Studies,COOL,ハッカ飴,Peppermint Candy,158,74,サッカー観戦,Playing Soccer,おうし座,Taurus,かわぶち かずみ,川淵,,聖櫻学園,Seiou Academy,kazu_buchi,59,46,2,2016-10-30 23:41:30
125,Ibuki Fukita,Ibuki Fukita,芙来田伊吹,14ec3675af089b4370230f84f7d7a594,15,Students,2015-01-26,1985-01-26,B,77,1A,囲碁部,Go Club,真堂圭,Kei Shindou,明るく気配り上手な1年生。<br>学園の近所にある銭湯の娘。<br>老若男女問わず顔が広い。<br>銭湯の番台に座ることもあるが、待ち時間はほとんど番台で囲碁を打っている。<br>ただしその腕は祖父の相手ができる程度。,,フルーツ牛乳,Fruit Flavored Milk,地理,Geography,POP,パクチー,Fresh Coriander,154,75,温泉めぐり,Playing Go,みずがめ座,Aquarius,ふきた いぶき,芙来田,,聖櫻学園,Seiou Academy,spa_hukita,58,43,1,2016-10-30 23:41:30
137,Kanna Hashimoto,Kanna Hashimoto,橋本環奈,31492bcac9e93e162dd1ac5dd293268e,15,Other,2015-02-03,1985-02-03,,-1,Other,帰宅部,Going Home Club,橋本環奈,Kanna Hashimoto,なし,None,ぜんざい、干し梅,Red Bean Soup and Dried Plums,,,SWEET,嫌いな食べ物,Almond Jelly,-1,-1,とにかくしゃべること,Talking,みずがめ座,Aquarius,はしもとかんな,橋本,,その他,Other,,-1,-1,1,2016-10-30 23:41:30
138,Mimi Takeuchi,Mimi Takeuchi,武内未美,ed53dd7d503b5a7ab25e058dd64eb870,17,Students,2015-06-30,1983-06-30,B,82,2D,ヨガ同好会,Yoga Club,辻美優,Miyu Tsuji,明るく元気で、人との関わりに積極的。<br>少し強引なところもあるため、お節介ととられることも多い。<br>興味のないことには途端に面倒くさがる面も。体を動かすのは好きだが、<br>運動神経はあまり良くない。,,刺身,Sashimi,"???
",,POP,辛い物,Anything With A Very Strong Flavor,165,89,ヨガ　エクササイズ,"Yoga, Exercise",かに座,Cancer,たけうち みみ,武内,,聖櫻学園,Seiou Academy,mimi_asana,63,45,2,2016-10-30 23:41:30
148,Sumire Yomogida,Sumire Yomogida,蓬田菫,809f62ed0734eba9513ac3fe36d9d17e,16,Students,2015-01-08,1984-01-08,B,73,2A,軽音部,Light Music Club,五十嵐裕美,Hiromi Igarashi,軽音部のガールズバンド「にゅーろん★くりぃむそふと」でドラムを担当する2年生。<br>小柄だがパワフルなプレイを見せる。<br>名古屋弁混じりの、どことなくオヤジくさい言葉づかいで話す。,,肉,Meat,"???
",,POP,糸こんにゃく,Konjac,146,75,ジャズ鑑賞,Jazz Music,やぎ座,Capricorn,よもぎだ すみれ,蓬田,,聖櫻学園,Seiou Academy,violet_drum,55,44,2,2016-10-30 23:41:30
156,Risa Shinomiya,Risa Shinomiya,篠宮りさ,f5764ba4a2f68b57a9004f3dea193a06,17,Students,2015-04-08,1983-04-08,A,80,2B,生徒会,Student Council,日笠陽子,Yoko Hikasa,生徒会の副会長を務める２年生。<br>真面目なしっかり者で仕事を冷静にしっかりとこなすが、<br>会長である天都かなたの行動には振り回されることばかり。<br>生徒会の仕事外だと気さくで話しやすい。,,豚角煮,Boiled Pork,"???
",,POP,カレーうどん,Curry Udon,162,84,"インテリア,部屋の模様替え",Interior Design and Decorating,おひつじ座,Aries,しのみや りさ,篠宮,,聖櫻学園,Seiou Academy,risa_S,54,45,2,2016-10-30 23:41:30
164,Shiki Nanami,Shiki Nanami,七海四季,0a498f344b87afe76868524260e3e6cb,17,Students,2015-11-03,1983-11-03,O,76,2D,マンガ研究部,Manga Research Club,三澤紗千香,Sachika Misawa,基本的にネガティブ思考で人付き合いが苦手。部屋の隅や狭い所を好む。<br>漫画やゲームなどオタク趣味を持ち、特技はイラスト。元々漫研にも入るつもりはなかったが、うっかりイラストを描いているのがバレ断りきれずに引き込まれた。,,ペペロンチーノ,Peperoncino,美術,Art,COOL,酢の物,Anything With Vinegar,164,74,イラスト、漫画、アニメ鑑賞、すみっこ,"Illustration, Comics, Anime Appreciation and????",さそり座,Scorpio,ななみ しき,七海,,聖櫻学園,Seiou Academy,nana_shiki,62,45,2,2016-10-30 23:41:30
166,Chika Oribe,Chika Oribe,織部千華,0920dd852ffd1e4e49dbfff9e4572f85,17,Students,2015-10-18,1983-10-18,A,85,2D,サッカー部,Soccer Club,後藤邑子,Yuuko Gotou,サッカー部のゴールキーパー。<br>勝気で勝負に対して熱くなりやすい性格。<br>頭は良く、部の戦術も考えている。少女的な趣味もある程度ありつつ、自分には似合わないことは自覚の上で、それをどうにか自然に取り込めないかと日々思案中。,,マンゴー,Mangoes,,,COOL,玉こんにゃく,Tama Konnyaku,166,77,サッカー、洗濯,"Soccer, Cleaning",てんびん座,Libra,おりべ ちか,織部,,聖櫻学園,Seiou Academy,chica_goal,56,50,2,2016-10-30 23:41:30
168,Wakana Yoshinaga,Wakana Yoshinaga,吉永和花那,0d9b2848723f780de3c117382b65f78f,18,Students,2015-10-15,1982-10-15,A,81,3C,演劇部,Drama Club,福圓美里,Misato Fukuen,演劇部部長。演劇に詳しく、演出などを取り仕切っている演劇部の中心人物。<br>一方で自身が主役などを演じることは少なく、舞台に立つ時は脇役、扱いの難しい役などを幅広い演技力で担当するユーティリティプレイヤー。,,かやくご飯,Kayaku Gohan,"???
",,POP,はんぺん,Hanpen,151,69,演劇全般、遊園地巡り,Drama in General and Visiting Amusement Parks,てんびん座,Libra,よしなが わかな,吉永先輩,,聖櫻学園,Seiou Academy,wakana_soiree,65,44,3,2016-10-30 23:41:30
172,Yayoi Yutenji,Yayoi Yutenji,祐天寺弥生,036b700e833c261ec39626f865311bb5,-1,Teachers,2015-03-25,1970-03-25,AB,74,Teacher,その他,Other,沢城みゆき,Miyuki Sawashiro,"日本史教師。元聖櫻生。<br>
物腰柔らかく穏やかで生徒に人気の先生だが、在校生時代は格闘技系の部活を掛け持ちしていて、数々の武勇伝を残す。現在でも発言にその名残が出るときがあり、笑顔で恐ろしいことを言うことがある。",,ささみ,White meat,日本史,Japanese History,POP,チーズ,Cheese,158,75,格闘技観戦　花,Flower Making,おひつじ座,Aries,ゆうてんじ やよい,祐天寺先生,,聖櫻学園,Seiou Academy,classic_march,53,44,-1,2016-10-30 23:41:30
176,Ema Fukami,Ema Fukami,深見絵真,4c569b7b001b9272c51b181991a695ea,-1,Teachers,2015-11-12,1970-11-12,A,72,Teacher,新体操部,Rhythmic Gymnastics,日��のり子,Noriko Hidaka,世界史教師兼、新体操部顧問。<br>優しい人柄で、多くの生徒に慕われるお姉さん的先生。学生時代は選手として活躍していた。現役からの習慣で食事などには特に気を遣い、今でも学生時代の服が入ることが密かな自慢。<br>,,酢の物,Pickled Food,世界史,World History,SWEET,揚げ物,Fried Food,164,82,芸術鑑賞　新体操,Art Appreciation and Rhythmic Gymnastics,さそり座,Scorpio,ふかみ えま,深見先生,,聖櫻学園,Seiou Academy,ema_F,52,44,-1,2016-10-30 23:41:30
179,Yuki Hanafusa,Yuki Hanafusa,花房優輝,8e0757aac8bcdd94d4de4b709f54d16b,16,Students,2015-01-12,1984-01-12,AB,80,2D,帰宅部,Going Home Club,麻倉もも,Momo Asakura,聖櫻学園の２年生。<br>普段はおとなしく引っ込み思案な性格のためあまり目立たない女の子だが、ふとした瞬間にキラリと光る何かが垣間見えることも。。,,たらこスパ,Cod Roe,音楽,Music,POP,パクチー,Fresh Coriander,150,68,歌と踊り,Singing and Dancing,やぎ座,Capricorn,はなふさ　ゆうき,花房,,聖櫻学園,Seiou Academy,yuki_blossom,60,43,2,2016-10-30 23:41:30
180,Shirabe Narumi,Shirabe Narumi,鳴海調,ea9da980637366dda7814ca5e9d61568,-1,Teachers,2015-10-17,1970-10-17,O,87,Teacher,合唱部,Chorus,皆口裕子,Yuko Minaguchi,音楽教師、合唱部顧問。<br>いつもニコニコとほがらかな先生だが、何が起きても動じず、笑って受け流す胆力を備えている。因みに得意なジャズピアノを演奏する姿は、その性格からは想像できない軽快さらしい。<br>,,おにぎり,Rice Balls,音楽,Music,SWEET,せんべい,Crackers,158,86,ジャズピアノ,Playing Jazz on Piano,てんびん座,Libra,なるみ　しらべ,鳴海先生,,聖櫻学園,Seiou Academy,shirabe_music,56,49,-1,2016-10-30 23:41:30
183,Botan Sorimachi,Botan Sorimachi,反町牡丹,ad140788ef49e512aebfb21a3fcf7058,18,Students,2015-04-30,1982-04-30,O,86,3A-Shousei,その他,Softball Club,井口裕香,Yuka Iguchi,"昇星高校の3年生。<br>
見た目や言動から一見恐い印象を持たれやすい。しかし、大家族の育ちがゆえに根は優しく、面倒見が良い仲間想いな姉御肌。細かいことは気にせず、勝気な性格で完璧主義の直江とぶつかることもしばしば。",,鶏の唐揚げ,Fried Chicken,"???
",,POP,横文字の名前の長い料理全般,横文字の名前の長い料理全般,171,88,節約料理　子供の相手,"Cost-Saving Cooking, Playing with Children",おうし座,Taurus,そりまち　ぼたん,反町先輩,,昇星高校,Shousei High School,BOTAN,59,52,3,2016-10-30 23:41:30
184,Asuka Ukihashi,Asuka Ukihashi,浮橋明日香,576c043cc446f8da703e70f33f69c6a8,17,Students,2015-05-04,1983-05-04,A,81,2A-Shousei,その他,Dance Club,久野美咲,Misaki Kuno,"昇星高校の2年生。<br>
マスコット的な見た目をしているが、お婆ちゃん子であるため、洋菓子よりは和菓子派など渋い一面も。しょっちゅう衝突する先輩2人をどうなだめるかが悩みの種。",,いちご大福,Strawberry Daifuku,"???
",,SWEET,熱い物（猫舌）,Anything Spicy,152,79,和菓子食べ歩き,Eating Sweets,おうし座,Taurus,うきはし　あすか,浮橋,,昇星高校,Shousei High School,fuwafuwa_tomorrow,55,37,2,2016-10-30 23:41:30
185,Yu Naoe,Yu Naoe,直江悠,fc01c6b0a034a64a830c281656308492,18,Students,2015-06-11,1982-06-11,A,72,3A-Shousei,その他,Rhythmic Gymnastics,潘めぐみ,Megumi Han,"昇星高校の3年生。<br>
真面目な性格がゆえに反町と相反する場面は多々あるが、互いのことは認め合っている。過酷なトレーニングも不満を漏らさずそつなくこなす。日々の癒しはペット関連の写真や動画を見ること。",,大豆,Soybean,"???
",,COOL,あんこ,Sweet Bean Paste,166,86,トレーニング　ペット写真鑑賞,Fitness Training and Looking at Photos of Pets,ふたご座,Gemini,なおえ ゆう,直江先輩,,昇星高校,Shousei High School,NaoeU,58,48,3,2016-10-30 23:41:30
190,Umeno Kanro,Umeno Kanro,甘露梅乃,c65408635ddc3da28c0a08171c3824cb,15,Other,2015-06-06,1985-06-06,AB,77,Other,その他,Other,田中美海,Miu Tanaka,普段は、礼儀正しい古風な女の子なのだが、なぜか梅のことを語り出すと、熱くなって性格が変わってしまう。世界進出の為、苦手な英語を頑張っているが、全く成果が出ない。,,梅干し,Dried Plums,,,SWEET,その他,Other,152,79,その他,Other,ふたご座,Gemini,かんろうめの,うめのたん,,その他,Other,,56,46,1,2016-10-30 23:41:30
194,Kasuga Asato,Kasuga Asato,朝門春日,13d30f0bffe74a234884ea0f13d8ccd1,18,Students,2015-04-17,1982-04-17,A,84,3A-Ootori,その他,Student Council Vice President,種田梨沙,Risa Taneda,"鳳歌院高校副会長。真面目で控え目な性格。久仁城の見えていない些事を支えることに喜びを見出している侍女気質。幼馴染の間柄で主従関係はないが、幼少期にそのカリスマ性に魅せられ尽くすようになった。<br>
時折冗談半分で姫と呼ぶ。",,ところてん,Tokoroten,"???
",,SWEET,臭いの強いチーズ,Strong Cheese,158,88,「姫」の世話 刺繍,"Taking Care of the ""Princess"" (",おひつじ座,Aries,あさと　かすが,朝門先輩,,鳳歌院高校,Ootori Music Academy,spring_breeze,59,46,3,2016-10-30 23:41:30
195,Subaru Makise,Subaru Makise,牧瀬昴,cdf7c69b88fcc2edda4c8fa569668328,16,Students,2015-01-07,1984-01-07,AB,78,2A-Ootori,その他,Other,小岩井ことり,Koiwai Kotori,久仁城に憧れる2年生。勝気で一言多い部分もあるが、比較的普通の感性の持ち主。芸能活動に憧れの念を持ち、努力して鳳歌院に入学した。入学時に久仁城のカリスマ性にあてられて以来彼女に一歩でも近づくために日々の努力を惜しまない。,,ドーナツ,Donuts,音楽,Music,POP,ゴーヤ,Bitter Gourd,154,82,小物のデコレート,Decorating Accessories,やぎ座,Capricorn,まきせ　すばる,牧瀬,,鳳歌院高校,Ootori Music Academy,Pleiades,55,39,2,2016-10-30 23:41:30
196,Miyabi Kunishiro,Miyabi Kunishiro,久仁城雅,a6323402b98bbdff4e7c564888d87b55,18,Students,2015-05-22,1982-05-22,O,79,3A-Ootori,その他,Student Council President,斎藤千和,Chiwa Saito,圧倒的カリスマ性を持つ鳳歌院生徒会長。公明正大で文武両道。礼節を重んじるが柔軟性もある大人物。だが日常的な些事には疎く朝門に任せている。芸能一家で幼少期から様々な芸事に触れている。生徒会同士交流があり、天都と仲が良い。,,緑茶,Green Tea,"???
",,COOL,甘いジュース類,Sweet Juices,165,86,各種稽古事,Taking Various Lessons,ふたご座,Gemini,くにしろ　みやび,久仁城先輩,,鳳歌院高校,Ootori Music Academy,miyabi_Kn,56,45,3,2016-10-30 23:41:30
199,Shizuko Todo,Shizuko Todo,藤堂静子,1fb124d1cf225bc0b2bad7af0ba46558,-1,Teachers,2015-10-05,1970-10-05,A,85,Other,その他,None,田中敦子,Atsuko Tanaka,"聖櫻学園の教頭。威厳のある態度で何事もビシビシと指摘するため、生徒、教師から
畏敬の念を持たれているが、本人は無自覚。意外な一面として料理はプロ級。
また過去に、サボテンに似ていると言われて以来、なんとなく愛着を持っている。",,御飯と味噌汁,Rice and Miso Soup,"???
",,COOL,手抜き料理,Anything Cooked Poorly,165,87,料理　サボテンの世話,Cooking and Taking Care of Her Cactus,てんびん座,Libra,とうどう　しずこ,藤堂先生,,聖櫻学園,Seiou Academy,ToDo,57,49,-1,2016-10-30 23:41:30
200,Toko Mashiro,Touko Mashiro,真白透子,2bb17057433b67c0c550debe1e1b0408,17,Students,2015-12-24,1983-12-24,B,78,2A,帰宅部,Going Home Club,堀江由衣,Yui Horie,"聖櫻学園に転校してきた、アイドルとして活動している２年生。しかし、普段は
非常に大人しい見た目・態度をしている。どうやら、優秀な家系に生まれたがゆえに、抱えてしまったコンプレックスに原因があるようだが…",,大根おろし,Grated Radish,数学,Math,COOL,牛乳,Milk,155,78,スノードーム集め,Collecting Snow Globes,やぎ座,Capricorn,ましろ　とうこ,真白,,聖櫻学園,Seiou Academy,marshmallow_tokyo,55,40,2,2016-10-30 23:41:30
202,Hibiki Toyonaga,Hibiki Toyonaga,豊永日々喜,40ebd7ddfdb30f61a21c9fc1ebe58509,17,Students,2015-02-13,1983-02-13,A,74,3A-Saga,その他,Dance Club,野中藍,Ai Nonaka,"大阪出身のお嬢様。<br>
明るく元気ではあるが、物事をよく観察しており、いざという時には頼れる存在。
よく口喧嘩をするアネットと三条の仲裁役をしている。実家が不動産なども扱う影響からか、建築物に興味がある。",,神戸牛,Kobe Beef,数学,Mathematics,POP,納豆,Natto,160,73,建築　変な間取りの部屋探し,Architecture; Observing Rooms With Strange Floor Plans,みずがめ座,Aquarius,とよなが ひびき,豊永先輩,,嵯峨椿高校,Saga Tsubaki High School,adh_okini,56,42,3,2016-10-30 23:41:30
203,Anette Olga Karasawa,Anette Olga Karasawa,アネット・オルガ・唐澤,0d834126950fcf5be8306b20cbcde735,18,Students,2015-12-13,1982-12-13,O,85,3A-Saga,その他,Dance Club,M・A・O,M.A.O.,"神戸出身のお嬢様。<br>
自信家、強気ではっきりとした性格で何でも自分がリードしたがるタイプ。
その容姿と性格から、人の注目を集めやすい。一方で、流行り物や目新しい
ものに弱い、褒められると調子に乗りやすいなど、憎めない部分も。",,シナモンロール,Cinnamon Roll,英語,English,SWEET,シュールストレミング,Surstromming,170,82,オシャレ　買い物,Fashion and Shopping,いて座,Sagittarius,あねっと　おるが　からさわ,アネット先輩,,嵯峨椿高校,Saga Tsubaki High School,love_cinnamon,58,50,3,2016-10-30 23:41:30
204,Yae Sanjo,Yae Sanjyo,三条八重,9e2783f7ff72d5925fa631ffaa0bd558,18,Students,2015-06-04,1982-06-04,AB,80,3A-Saga,その他,Dance Club,植田佳奈,Kana Ueda,"京都出身のお嬢様。<br>
典型的な京都人といった印象で、はんなりたおやかに見えるが、「いけず」の文化から、腹黒く見えてしまう一面も。
幼い頃より祖母から各種教養や芸を教わり休日には舞妓として修行も行なっている。",,干菓子,Higashi,古典,Classic Literature,COOL,関東風の味付けの物,Food in Kanto-style Seasoning,152,84,踊り他芸事の稽古　接客,Dancing and Practicing Hospitality,ふたご座,Gemini,さんじょう やえ,三条先輩,,嵯峨椿高校,Saga Tsubaki High School,yaezakura,55,46,3,2016-10-30 23:41:30
208,Sora Takara,Sora Takara,高良美空,0adbb95f2c030f764896b3a5b545f622,17,Students,2015-08-08,1983-08-08,AB,82,2A-Tamamiya,その他,Other,芹澤優,Yu Serizawa,"玉宮高校2年生。
陽気で活発な双子の姉。
自分の興味に忠実で、直感を信じて動くタイプ。
とりわけ高い所が好きで、見つけるとすぐ登りたがる。
しかし極度の方向音痴のため、
気づけば迷子になることもしばしば。",,ソーキそは?,Soki Soba,"???
",,POP,豆腐よう,Tofu,150,80,歌って踊る　宴会　海て?泳く?,Singing and Dancing; Swimming in the Sea; Banquets,しし座,Leo,たから　そら,高良,,玉宮高校,Tamamiya High School,soradayo_,59,48,2,2016-10-30 23:41:30
209,Umi Takara,Umi Takara,高良美海,1ae22467fbb2c18d3730367f4924c257,17,Students,2015-08-08,1983-08-08,AB,82,2A-Tamamiya,その他,Other,黒沢ともよ,Tomoyo Kurosawa,"玉宮高校2年生で、双子の妹。
美空同様活発だが比較的しっかりしており、
迷子になった美空を探すのは美海の役目。
歌や絵が好きで、芸術家肌な側面を持つ。
姉の直感を信じており、何をするかは基本的に美空任せ。",,サーターアンタ?キ?ー,Sata Andagi,"???
",,POP,豆腐よう,Tofu,150,80,歌って踊る　宴会　三線,Singing and Dancing; Banquets; Shamisen,しし座,Leo,たから　うみ,高良,,玉宮高校,Tamamiya High School,umidayo_,59,48,2,2016-10-30 23:41:30